chemical_name,inchi,chebi_identifier,var1_levels,var1_uri,var2_levels,var2_uri,treatment,sample_size,sample_mean,unit,sem
hexanal,"InChI=1S/C6H12O/c1-2-3-4-5-6-7/h6H,2-5H2,1H3",chebi:88528,PM,https://garden.org/plants/view/2273/Rose-Rosa-Papa-Meilland/,,,PM,,0.6,,
(E)-2-hexenal,"InChI=1S/C6H10O/c1-2-3-4-5-6-7/h4-6H,2-3H2,1H3/b5-4+",chebi:28913,PM,https://garden.org/plants/view/2273/Rose-Rosa-Papa-Meilland/,,,PM,,0.8,,
(Z)-3-hexen-1-ol,"InChI=1S/C6H12O/c1-2-3-4-5-6-7/h3-4,7H,2,5-6H2,1H3/b4-3-",chebi:28857,PM,https://garden.org/plants/view/2273/Rose-Rosa-Papa-Meilland/,,,PM,,0,,
(E)-2-hexen-1-ol,"InChI=1S/C6H12O/c1-2-3-4-5-6-7/h4-5,7H,2-3,6H2,1H3/b5-4+",chebi:141205,PM,https://garden.org/plants/view/2273/Rose-Rosa-Papa-Meilland/,,,PM,,0,,
hexan-1-ol,"InChI=1S/C6H14O/c1-2-3-4-5-6-7/h7H,2-6H2,1H3",chebi:87393,PM,https://garden.org/plants/view/2273/Rose-Rosa-Papa-Meilland/,,,PM,,0.1,,
(Z)-3-hexenyl acetate,"InChI=1S/C8H14O2/c1-3-4-5-6-7-10-8(2)9/h4-5H,3,6-7H2,1-2H3/b5-4-",chebi:61316,PM,https://garden.org/plants/view/2273/Rose-Rosa-Papa-Meilland/,,,PM,,0.1,,
hexyl acetate,"InChI=1S/C8H16O2/c1-3-4-5-6-7-10-8(2)9/h3-7H2,1-2H3",chebi:87510,PM,https://garden.org/plants/view/2273/Rose-Rosa-Papa-Meilland/,,,PM,,0,,
nonanal,"InChI=1S/C9H18O/c1-2-3-4-5-6-7-8-9-10/h9H,2-8H2,1H3",chebi:84268,PM,https://garden.org/plants/view/2273/Rose-Rosa-Papa-Meilland/,,,PM,,0,,
benzylalcohol,"InChI=1S/C7H8O/c8-6-7-4-2-1-3-5-7/h1-5,8H,6H2",chebi:17987,PM,https://garden.org/plants/view/2273/Rose-Rosa-Papa-Meilland/,,,PM,,1.1,,
benzaldehyde,InChI=1S/C7H6O/c8-6-7-4-2-1-3-5-7/h1-6H,chebi:17169,PM,https://garden.org/plants/view/2273/Rose-Rosa-Papa-Meilland/,,,PM,,0.1,,
2-phenylethanol,"InChI=1S/C8H10O/c9-7-6-8-4-2-1-3-5-8/h1-5,9H,6-7H2",chebi:49000,PM,https://garden.org/plants/view/2273/Rose-Rosa-Papa-Meilland/,,,PM,,12,,
phenylacetaldehyde,"InChI=1S/C8H8O/c9-7-6-8-4-2-1-3-5-8/h1-5,7H,6H2",chebi:16424,PM,https://garden.org/plants/view/2273/Rose-Rosa-Papa-Meilland/,,,PM,,0.7,,
"3,5-dimethoxytoluene","InChI=1S/C9H12O2/c1-7-4-8(10-2)6-9(5-7)11-3/h4-6H,1-3H3",chebi:141217,PM,https://garden.org/plants/view/2273/Rose-Rosa-Papa-Meilland/,,,PM,,0.6,,
"1,3,5-trimethoxybenzene","InChI=1S/C9H12O3/c1-10-7-4-8(11-2)6-9(5-7)12-3/h4-6H,1-3H3",chebi:31038,PM,https://garden.org/plants/view/2273/Rose-Rosa-Papa-Meilland/,,,PM,,0.2,,
eugenol,"InChI=1S/C10H12O2/c1-3-4-8-5-6-9(11)10(7-8)12-2/h3,5-7,11H,1,4H2,2H3",chebi:4917,PM,https://garden.org/plants/view/2273/Rose-Rosa-Papa-Meilland/,,,PM,,0,,
methyl eugenol,"InChI=1S/C11H14O2/c1-4-5-9-6-7-10(12-2)11(8-9)13-3/h4-8H,1-3H3",chebi:14469,PM,https://garden.org/plants/view/2273/Rose-Rosa-Papa-Meilland/,,,PM,,0.1,,
geraniol,"InChI=1S/C10H18O/c1-9(2)5-4-6-10(3)7-8-11/h5,7,11H,4,6,8H2,1-3H3/b10-7+",chebi:17447,PM,https://garden.org/plants/view/2273/Rose-Rosa-Papa-Meilland/,,,PM,,49.5,,
geranial,"InChI=1S/C10H16O/c1-9(2)5-4-6-10(3)7-8-11/h5,7-8H,4,6H2,1-3H3/b10-7+",chebi:16980,PM,https://garden.org/plants/view/2273/Rose-Rosa-Papa-Meilland/,,,PM,,9.9,,
geranic_acid,"InChI=1S/C10H16O2/c1-8(2)5-4-6-9(3)7-10(11)12/h5,7H,4,6H2,1-3H3,(H,11,12)/b9-7+",chebi:67264,PM,https://garden.org/plants/view/2273/Rose-Rosa-Papa-Meilland/,,,PM,,3.6,,
geranyl acetate,"InChI=1S/C12H20O2/c1-10(2)6-5-7-11(3)8-9-14-12(4)13/h6,8H,5,7,9H2,1-4H3/b11-8+",chebi:5331,PM,https://garden.org/plants/view/2273/Rose-Rosa-Papa-Meilland/,,,PM,,0.4,,
nerol,"InChI=1S/C10H18O/c1-9(2)5-4-6-10(3)7-8-11/h5,7,11H,4,6,8H2,1-3H3/b10-7-",chebi:29452,PM,https://garden.org/plants/view/2273/Rose-Rosa-Papa-Meilland/,,,PM,,6.1,,
neral,"InChI=1S/C10H16O/c1-9(2)5-4-6-10(3)7-8-11/h5,7-8H,4,6H2,1-3H3/b10-7-",chebi:29020,PM,https://garden.org/plants/view/2273/Rose-Rosa-Papa-Meilland/,,,PM,,0.5,,
citronellol,"InChI=1S/C10H20O/c1-9(2)5-4-6-10(3)7-8-11/h5,10-11H,4,6-8H2,1-3H3",chebi:50462,PM,https://garden.org/plants/view/2273/Rose-Rosa-Papa-Meilland/,,,PM,,3.7,,
beta-myrcene,"InChI=1S/C10H16/c1-5-10(4)8-6-7-9(2)3/h5,7H,1,4,6,8H2,2-3H3",chebi:17221,PM,https://garden.org/plants/view/2273/Rose-Rosa-Papa-Meilland/,,,PM,,0.1,,
Z-Œ≤-ocimene,"InChI=1S/C10H16/c1-5-10(4)8-6-7-9(2)3/h5,7-8H,1,6H2,2-4H3/b10-8-",chebi:87574,PM,https://garden.org/plants/view/2273/Rose-Rosa-Papa-Meilland/,,,PM,,0,,
(E)-beta-ocimene,"InChI=1S/C10H16/c1-5-10(4)8-6-7-9(2)3/h5,7-8H,1,6H2,2-4H3/b10-8+",chebi:64280,PM,https://garden.org/plants/view/2273/Rose-Rosa-Papa-Meilland/,,,PM,,0.1,,
germacrene D,"InChI=1S/C15H24/c1-12(2)15-10-8-13(3)6-5-7-14(4)9-11-15/h7-8,10,12,15H,3,5-6,9,11H2,1-2,4H3/b10-8+,14-7+",chebi:49045,PM,https://garden.org/plants/view/2273/Rose-Rosa-Papa-Meilland/,,,PM,,0.4,,
Germacrene D 4 ol,"InChI=1S/C15H26O/c1-12(2)14-8-7-13(3)6-5-10-15(4,16)11-9-14/h6,9,11-12,14,16H,5,7-8,10H2,1-4H3/b11-9+,13-6+",chebi:141218,PM,https://garden.org/plants/view/2273/Rose-Rosa-Papa-Meilland/,,,PM,,0,,
bicyclogermacrene,"InChI=1S/C15H24/c1-11-6-5-7-12(2)10-14-13(9-8-11)15(14,3)4/h6,10,13-14H,5,7-9H2,1-4H3/b11-6+,12-10+/t13-,14+/m1/s1",chebi:63709,PM,https://garden.org/plants/view/2273/Rose-Rosa-Papa-Meilland/,,,PM,,0,,
(E)-beta-farnesene,"InChI=1S/C15H24/c1-6-14(4)10-8-12-15(5)11-7-9-13(2)3/h6,9,12H,1,4,7-8,10-11H2,2-3,5H3/b15-12+",chebi:10418,PM,https://garden.org/plants/view/2273/Rose-Rosa-Papa-Meilland/,,,PM,,0.3,,
"(E,E)-farnesol","InChI=1S/C15H26O/c1-13(2)7-5-8-14(3)9-6-10-15(4)11-12-16/h7,9,11,16H,5-6,8,10,12H2,1-4H3/b14-9+,15-11+",chebi:16619,PM,https://garden.org/plants/view/2273/Rose-Rosa-Papa-Meilland/,,,PM,,8.6,,
"(E,E)-farnesal","InChI=1S/C15H24O/c1-13(2)7-5-8-14(3)9-6-10-15(4)11-12-16/h7,9,11-12H,5-6,8,10H2,1-4H3/b14-9+,15-11+",chebi:15894,PM,https://garden.org/plants/view/2273/Rose-Rosa-Papa-Meilland/,,,PM,,0.2,,
"(E,E)-farnesyl acetate","InChI=1S/C17H28O2/c1-14(2)8-6-9-15(3)10-7-11-16(4)12-13-19-17(5)18/h8,10,12H,6-7,9,11,13H2,1-5H3/b15-10+,16-12+",,PM,https://garden.org/plants/view/2273/Rose-Rosa-Papa-Meilland/,,,PM,,0.1,,
delta-cadinene,"InChI=1S/C15H24/c1-10(2)13-8-6-12(4)14-7-5-11(3)9-15(13)14/h9-10,13,15H,5-8H2,1-4H3",chebi:140564,PM,https://garden.org/plants/view/2273/Rose-Rosa-Papa-Meilland/,,,PM,,0,,
alpha-cadinol,"InChI=1S/C15H26O/c1-10(2)12-7-8-15(4,16)14-6-5-11(3)9-13(12)14/h9-10,12-14,16H,5-8H2,1-4H3/t12-,13-,14+,15+/m0/s1",chebi:132905,PM,https://garden.org/plants/view/2273/Rose-Rosa-Papa-Meilland/,,,PM,,0.1,,
tau-cadinol,"InChI=1S/C15H26O/c1-10(2)12-7-8-15(4,16)14-6-5-11(3)9-13(12)14/h9-10,12-14,16H,5-8H2,1-4H3/t12-,13-,14+,15-/m0/s1",chebi:138042,PM,https://garden.org/plants/view/2273/Rose-Rosa-Papa-Meilland/,,,PM,,0,,
tau-muurolol,"InChI=1S/C15H26O/c1-10(2)12-7-8-15(4,16)14-6-5-11(3)9-13(12)14/h9-10,12-14,16H,5-8H2,1-4H3/t12-,13-,14-,15-/m0/s1",,PM,https://garden.org/plants/view/2273/Rose-Rosa-Papa-Meilland/,,,PM,,0,,
elemol,"InChI=1S/C15H26O/c1-7-15(6)9-8-12(14(4,5)16)10-13(15)11(2)3/h7,12-13,16H,1-2,8-10H2,3-6H3/t12-,13+,15-/m1/s1",chebi:141221,PM,https://garden.org/plants/view/2273/Rose-Rosa-Papa-Meilland/,,,PM,,0,,
dihydro-beta-ionone,"InChI=1S/C13H22O/c1-10-6-5-9-13(3,4)12(10)8-7-11(2)14/h5-9H2,1-4H3",chebi:18015,PM,https://garden.org/plants/view/2273/Rose-Rosa-Papa-Meilland/,,,PM,,0,,
dihydro-beta-ionol,"InChI=1S/C13H24O/c1-10-6-5-9-13(3,4)12(10)8-7-11(2)14/h11,14H,5-9H2,1-4H3",,PM,https://garden.org/plants/view/2273/Rose-Rosa-Papa-Meilland/,,,PM,,0.1,,
hexanal,"InChI=1S/C6H12O/c1-2-3-4-5-6-7/h6H,2-5H2,1H3",chebi:88528,RM,Rouge Meilland,,,RM,,7.3,,
(E)-2-hexenal,"InChI=1S/C6H10O/c1-2-3-4-5-6-7/h4-6H,2-3H2,1H3/b5-4+",chebi:28913,RM,Rouge Meilland,,,RM,,22.4,,
(Z)-3-hexen-1-ol,"InChI=1S/C6H12O/c1-2-3-4-5-6-7/h3-4,7H,2,5-6H2,1H3/b4-3-",chebi:28857,RM,Rouge Meilland,,,RM,,6.8,,
(E)-2-hexen-1-ol,"InChI=1S/C6H12O/c1-2-3-4-5-6-7/h4-5,7H,2-3,6H2,1H3/b5-4+",chebi:141205,RM,Rouge Meilland,,,RM,,1.5,,
hexan-1-ol,"InChI=1S/C6H14O/c1-2-3-4-5-6-7/h7H,2-6H2,1H3",chebi:87393,RM,Rouge Meilland,,,RM,,6.9,,
(Z)-3-hexenyl acetate,"InChI=1S/C8H14O2/c1-3-4-5-6-7-10-8(2)9/h4-5H,3,6-7H2,1-2H3/b5-4-",chebi:61316,RM,Rouge Meilland,,,RM,,5.7,,
hexyl acetate,"InChI=1S/C8H16O2/c1-3-4-5-6-7-10-8(2)9/h3-7H2,1-2H3",chebi:87510,RM,Rouge Meilland,,,RM,,0.6,,
nonanal,"InChI=1S/C9H18O/c1-2-3-4-5-6-7-8-9-10/h9H,2-8H2,1H3",chebi:84268,RM,Rouge Meilland,,,RM,,1.9,,
benzylalcohol,"InChI=1S/C7H8O/c8-6-7-4-2-1-3-5-7/h1-5,8H,6H2",chebi:17987,RM,Rouge Meilland,,,RM,,13.9,,
benzaldehyde,InChI=1S/C7H6O/c8-6-7-4-2-1-3-5-7/h1-6H,chebi:17169,RM,Rouge Meilland,,,RM,,0.2,,
2-phenylethanol,"InChI=1S/C8H10O/c9-7-6-8-4-2-1-3-5-8/h1-5,9H,6-7H2",chebi:49000,RM,Rouge Meilland,,,RM,,0,,
phenylacetaldehyde,"InChI=1S/C8H8O/c9-7-6-8-4-2-1-3-5-8/h1-5,7H,6H2",chebi:16424,RM,Rouge Meilland,,,RM,,0,,
"3,5-dimethoxytoluene","InChI=1S/C9H12O2/c1-7-4-8(10-2)6-9(5-7)11-3/h4-6H,1-3H3",chebi:141217,RM,Rouge Meilland,,,RM,,24.3,,
"1,3,5-trimethoxybenzene","InChI=1S/C9H12O3/c1-10-7-4-8(11-2)6-9(5-7)12-3/h4-6H,1-3H3",chebi:31038,RM,Rouge Meilland,,,RM,,0.6,,
eugenol,"InChI=1S/C10H12O2/c1-3-4-8-5-6-9(11)10(7-8)12-2/h3,5-7,11H,1,4H2,2H3",chebi:4917,RM,Rouge Meilland,,,RM,,1,,
methyl eugenol,"InChI=1S/C11H14O2/c1-4-5-9-6-7-10(12-2)11(8-9)13-3/h4-8H,1-3H3",chebi:14469,RM,Rouge Meilland,,,RM,,0,,
geraniol,"InChI=1S/C10H18O/c1-9(2)5-4-6-10(3)7-8-11/h5,7,11H,4,6,8H2,1-3H3/b10-7+",chebi:17447,RM,Rouge Meilland,,,RM,,1.9,,
geranial,"InChI=1S/C10H16O/c1-9(2)5-4-6-10(3)7-8-11/h5,7-8H,4,6H2,1-3H3/b10-7+",chebi:16980,RM,Rouge Meilland,,,RM,,0.1,,
geranic_acid,"InChI=1S/C10H16O2/c1-8(2)5-4-6-9(3)7-10(11)12/h5,7H,4,6H2,1-3H3,(H,11,12)/b9-7+",chebi:67264,RM,Rouge Meilland,,,RM,,0,,
geranyl acetate,"InChI=1S/C12H20O2/c1-10(2)6-5-7-11(3)8-9-14-12(4)13/h6,8H,5,7,9H2,1-4H3/b11-8+",chebi:5331,RM,Rouge Meilland,,,RM,,0,,
nerol,"InChI=1S/C10H18O/c1-9(2)5-4-6-10(3)7-8-11/h5,7,11H,4,6,8H2,1-3H3/b10-7-",chebi:29452,RM,Rouge Meilland,,,RM,,0,,
neral,"InChI=1S/C10H16O/c1-9(2)5-4-6-10(3)7-8-11/h5,7-8H,4,6H2,1-3H3/b10-7-",chebi:29020,RM,Rouge Meilland,,,RM,,0,,
citronellol,"InChI=1S/C10H20O/c1-9(2)5-4-6-10(3)7-8-11/h5,10-11H,4,6-8H2,1-3H3",chebi:50462,RM,Rouge Meilland,,,RM,,0,,
beta-myrcene,"InChI=1S/C10H16/c1-5-10(4)8-6-7-9(2)3/h5,7H,1,4,6,8H2,2-3H3",chebi:17221,RM,Rouge Meilland,,,RM,,0,,
Z-Œ≤-ocimene,"InChI=1S/C10H16/c1-5-10(4)8-6-7-9(2)3/h5,7-8H,1,6H2,2-4H3/b10-8-",chebi:87574,RM,Rouge Meilland,,,RM,,0,,
(E)-beta-ocimene,"InChI=1S/C10H16/c1-5-10(4)8-6-7-9(2)3/h5,7-8H,1,6H2,2-4H3/b10-8+",chebi:64280,RM,Rouge Meilland,,,RM,,0,,
germacrene D,"InChI=1S/C15H24/c1-12(2)15-10-8-13(3)6-5-7-14(4)9-11-15/h7-8,10,12,15H,3,5-6,9,11H2,1-2,4H3/b10-8+,14-7+",chebi:49045,RM,Rouge Meilland,,,RM,,0,,
Germacrene D 4 ol,"InChI=1S/C15H26O/c1-12(2)14-8-7-13(3)6-5-10-15(4,16)11-9-14/h6,9,11-12,14,16H,5,7-8,10H2,1-4H3/b11-9+,13-6+",chebi:141218,RM,Rouge Meilland,,,RM,,0,,
bicyclogermacrene,"InChI=1S/C15H24/c1-11-6-5-7-12(2)10-14-13(9-8-11)15(14,3)4/h6,10,13-14H,5,7-9H2,1-4H3/b11-6+,12-10+/t13-,14+/m1/s1",chebi:63709,RM,Rouge Meilland,,,RM,,0,,
(E)-beta-farnesene,"InChI=1S/C15H24/c1-6-14(4)10-8-12-15(5)11-7-9-13(2)3/h6,9,12H,1,4,7-8,10-11H2,2-3,5H3/b15-12+",chebi:10418,RM,Rouge Meilland,,,RM,,0.6,,
"(E,E)-farnesol","InChI=1S/C15H26O/c1-13(2)7-5-8-14(3)9-6-10-15(4)11-12-16/h7,9,11,16H,5-6,8,10,12H2,1-4H3/b14-9+,15-11+",chebi:16619,RM,Rouge Meilland,,,RM,,3.5,,
"(E,E)-farnesal","InChI=1S/C15H24O/c1-13(2)7-5-8-14(3)9-6-10-15(4)11-12-16/h7,9,11-12H,5-6,8,10H2,1-4H3/b14-9+,15-11+",chebi:15894,RM,Rouge Meilland,,,RM,,0,,
"(E,E)-farnesyl acetate","InChI=1S/C17H28O2/c1-14(2)8-6-9-15(3)10-7-11-16(4)12-13-19-17(5)18/h8,10,12H,6-7,9,11,13H2,1-5H3/b15-10+,16-12+",,RM,Rouge Meilland,,,RM,,0,,
delta-cadinene,"InChI=1S/C15H24/c1-10(2)13-8-6-12(4)14-7-5-11(3)9-15(13)14/h9-10,13,15H,5-8H2,1-4H3",chebi:140564,RM,Rouge Meilland,,,RM,,0,,
alpha-cadinol,"InChI=1S/C15H26O/c1-10(2)12-7-8-15(4,16)14-6-5-11(3)9-13(12)14/h9-10,12-14,16H,5-8H2,1-4H3/t12-,13-,14+,15+/m0/s1",chebi:132905,RM,Rouge Meilland,,,RM,,0,,
tau-cadinol,"InChI=1S/C15H26O/c1-10(2)12-7-8-15(4,16)14-6-5-11(3)9-13(12)14/h9-10,12-14,16H,5-8H2,1-4H3/t12-,13-,14+,15-/m0/s1",chebi:138042,RM,Rouge Meilland,,,RM,,0,,
tau-muurolol,"InChI=1S/C15H26O/c1-10(2)12-7-8-15(4,16)14-6-5-11(3)9-13(12)14/h9-10,12-14,16H,5-8H2,1-4H3/t12-,13-,14-,15-/m0/s1",,RM,Rouge Meilland,,,RM,,0,,
elemol,"InChI=1S/C15H26O/c1-7-15(6)9-8-12(14(4,5)16)10-13(15)11(2)3/h7,12-13,16H,1-2,8-10H2,3-6H3/t12-,13+,15-/m1/s1",chebi:141221,RM,Rouge Meilland,,,RM,,0,,
dihydro-beta-ionone,"InChI=1S/C13H22O/c1-10-6-5-9-13(3,4)12(10)8-7-11(2)14/h5-9H2,1-4H3",chebi:18015,RM,Rouge Meilland,,,RM,,0.6,,
dihydro-beta-ionol,"InChI=1S/C13H24O/c1-10-6-5-9-13(3,4)12(10)8-7-11(2)14/h11,14H,5-9H2,1-4H3",,RM,Rouge Meilland,,,RM,,0.2,,
hexanal,"InChI=1S/C6H12O/c1-2-3-4-5-6-7/h6H,2-5H2,1H3",chebi:88528,AL,https://garden.org/plants/view/865/Rose-Rosa-Alister-Stella-Gray/,,,AL,,0.1,,
(E)-2-hexenal,"InChI=1S/C6H10O/c1-2-3-4-5-6-7/h4-6H,2-3H2,1H3/b5-4+",chebi:28913,AL,https://garden.org/plants/view/865/Rose-Rosa-Alister-Stella-Gray/,,,AL,,0.1,,
(Z)-3-hexen-1-ol,"InChI=1S/C6H12O/c1-2-3-4-5-6-7/h3-4,7H,2,5-6H2,1H3/b4-3-",chebi:28857,AL,https://garden.org/plants/view/865/Rose-Rosa-Alister-Stella-Gray/,,,AL,,0,,
(E)-2-hexen-1-ol,"InChI=1S/C6H12O/c1-2-3-4-5-6-7/h4-5,7H,2-3,6H2,1H3/b5-4+",chebi:141205,AL,https://garden.org/plants/view/865/Rose-Rosa-Alister-Stella-Gray/,,,AL,,0,,
hexan-1-ol,"InChI=1S/C6H14O/c1-2-3-4-5-6-7/h7H,2-6H2,1H3",chebi:87393,AL,https://garden.org/plants/view/865/Rose-Rosa-Alister-Stella-Gray/,,,AL,,0,,
(Z)-3-hexenyl acetate,"InChI=1S/C8H14O2/c1-3-4-5-6-7-10-8(2)9/h4-5H,3,6-7H2,1-2H3/b5-4-",chebi:61316,AL,https://garden.org/plants/view/865/Rose-Rosa-Alister-Stella-Gray/,,,AL,,0,,
hexyl acetate,"InChI=1S/C8H16O2/c1-3-4-5-6-7-10-8(2)9/h3-7H2,1-2H3",chebi:87510,AL,https://garden.org/plants/view/865/Rose-Rosa-Alister-Stella-Gray/,,,AL,,0,,
nonanal,"InChI=1S/C9H18O/c1-2-3-4-5-6-7-8-9-10/h9H,2-8H2,1H3",chebi:84268,AL,https://garden.org/plants/view/865/Rose-Rosa-Alister-Stella-Gray/,,,AL,,0,,
benzylalcohol,"InChI=1S/C7H8O/c8-6-7-4-2-1-3-5-7/h1-5,8H,6H2",chebi:17987,AL,https://garden.org/plants/view/865/Rose-Rosa-Alister-Stella-Gray/,,,AL,,0.3,,
benzaldehyde,InChI=1S/C7H6O/c8-6-7-4-2-1-3-5-7/h1-6H,chebi:17169,AL,https://garden.org/plants/view/865/Rose-Rosa-Alister-Stella-Gray/,,,AL,,0.3,,
2-phenylethanol,"InChI=1S/C8H10O/c9-7-6-8-4-2-1-3-5-8/h1-5,9H,6-7H2",chebi:49000,AL,https://garden.org/plants/view/865/Rose-Rosa-Alister-Stella-Gray/,,,AL,,68.9,,
phenylacetaldehyde,"InChI=1S/C8H8O/c9-7-6-8-4-2-1-3-5-8/h1-5,7H,6H2",chebi:16424,AL,https://garden.org/plants/view/865/Rose-Rosa-Alister-Stella-Gray/,,,AL,,11.6,,
"3,5-dimethoxytoluene","InChI=1S/C9H12O2/c1-7-4-8(10-2)6-9(5-7)11-3/h4-6H,1-3H3",chebi:141217,AL,https://garden.org/plants/view/865/Rose-Rosa-Alister-Stella-Gray/,,,AL,,0.1,,
"1,3,5-trimethoxybenzene","InChI=1S/C9H12O3/c1-10-7-4-8(11-2)6-9(5-7)12-3/h4-6H,1-3H3",chebi:31038,AL,https://garden.org/plants/view/865/Rose-Rosa-Alister-Stella-Gray/,,,AL,,0,,
eugenol,"InChI=1S/C10H12O2/c1-3-4-8-5-6-9(11)10(7-8)12-2/h3,5-7,11H,1,4H2,2H3",chebi:4917,AL,https://garden.org/plants/view/865/Rose-Rosa-Alister-Stella-Gray/,,,AL,,1.1,,
methyl eugenol,"InChI=1S/C11H14O2/c1-4-5-9-6-7-10(12-2)11(8-9)13-3/h4-8H,1-3H3",chebi:14469,AL,https://garden.org/plants/view/865/Rose-Rosa-Alister-Stella-Gray/,,,AL,,0.1,,
geraniol,"InChI=1S/C10H18O/c1-9(2)5-4-6-10(3)7-8-11/h5,7,11H,4,6,8H2,1-3H3/b10-7+",chebi:17447,AL,https://garden.org/plants/view/865/Rose-Rosa-Alister-Stella-Gray/,,,AL,,9.8,,
geranial,"InChI=1S/C10H16O/c1-9(2)5-4-6-10(3)7-8-11/h5,7-8H,4,6H2,1-3H3/b10-7+",chebi:16980,AL,https://garden.org/plants/view/865/Rose-Rosa-Alister-Stella-Gray/,,,AL,,2.6,,
geranic_acid,"InChI=1S/C10H16O2/c1-8(2)5-4-6-9(3)7-10(11)12/h5,7H,4,6H2,1-3H3,(H,11,12)/b9-7+",chebi:67264,AL,https://garden.org/plants/view/865/Rose-Rosa-Alister-Stella-Gray/,,,AL,,1.4,,
geranyl acetate,"InChI=1S/C12H20O2/c1-10(2)6-5-7-11(3)8-9-14-12(4)13/h6,8H,5,7,9H2,1-4H3/b11-8+",chebi:5331,AL,https://garden.org/plants/view/865/Rose-Rosa-Alister-Stella-Gray/,,,AL,,0.4,,
nerol,"InChI=1S/C10H18O/c1-9(2)5-4-6-10(3)7-8-11/h5,7,11H,4,6,8H2,1-3H3/b10-7-",chebi:29452,AL,https://garden.org/plants/view/865/Rose-Rosa-Alister-Stella-Gray/,,,AL,,1,,
neral,"InChI=1S/C10H16O/c1-9(2)5-4-6-10(3)7-8-11/h5,7-8H,4,6H2,1-3H3/b10-7-",chebi:29020,AL,https://garden.org/plants/view/865/Rose-Rosa-Alister-Stella-Gray/,,,AL,,0.2,,
citronellol,"InChI=1S/C10H20O/c1-9(2)5-4-6-10(3)7-8-11/h5,10-11H,4,6-8H2,1-3H3",chebi:50462,AL,https://garden.org/plants/view/865/Rose-Rosa-Alister-Stella-Gray/,,,AL,,0.6,,
beta-myrcene,"InChI=1S/C10H16/c1-5-10(4)8-6-7-9(2)3/h5,7H,1,4,6,8H2,2-3H3",chebi:17221,AL,https://garden.org/plants/view/865/Rose-Rosa-Alister-Stella-Gray/,,,AL,,0,,
Z-Œ≤-ocimene,"InChI=1S/C10H16/c1-5-10(4)8-6-7-9(2)3/h5,7-8H,1,6H2,2-4H3/b10-8-",chebi:87574,AL,https://garden.org/plants/view/865/Rose-Rosa-Alister-Stella-Gray/,,,AL,,0,,
(E)-beta-ocimene,"InChI=1S/C10H16/c1-5-10(4)8-6-7-9(2)3/h5,7-8H,1,6H2,2-4H3/b10-8+",chebi:64280,AL,https://garden.org/plants/view/865/Rose-Rosa-Alister-Stella-Gray/,,,AL,,0,,
germacrene D,"InChI=1S/C15H24/c1-12(2)15-10-8-13(3)6-5-7-14(4)9-11-15/h7-8,10,12,15H,3,5-6,9,11H2,1-2,4H3/b10-8+,14-7+",chebi:49045,AL,https://garden.org/plants/view/865/Rose-Rosa-Alister-Stella-Gray/,,,AL,,0.4,,
Germacrene D 4 ol,"InChI=1S/C15H26O/c1-12(2)14-8-7-13(3)6-5-10-15(4,16)11-9-14/h6,9,11-12,14,16H,5,7-8,10H2,1-4H3/b11-9+,13-6+",chebi:141218,AL,https://garden.org/plants/view/865/Rose-Rosa-Alister-Stella-Gray/,,,AL,,0.2,,
bicyclogermacrene,"InChI=1S/C15H24/c1-11-6-5-7-12(2)10-14-13(9-8-11)15(14,3)4/h6,10,13-14H,5,7-9H2,1-4H3/b11-6+,12-10+/t13-,14+/m1/s1",chebi:63709,AL,https://garden.org/plants/view/865/Rose-Rosa-Alister-Stella-Gray/,,,AL,,0,,
(E)-beta-farnesene,"InChI=1S/C15H24/c1-6-14(4)10-8-12-15(5)11-7-9-13(2)3/h6,9,12H,1,4,7-8,10-11H2,2-3,5H3/b15-12+",chebi:10418,AL,https://garden.org/plants/view/865/Rose-Rosa-Alister-Stella-Gray/,,,AL,,0,,
"(E,E)-farnesol","InChI=1S/C15H26O/c1-13(2)7-5-8-14(3)9-6-10-15(4)11-12-16/h7,9,11,16H,5-6,8,10,12H2,1-4H3/b14-9+,15-11+",chebi:16619,AL,https://garden.org/plants/view/865/Rose-Rosa-Alister-Stella-Gray/,,,AL,,0.4,,
"(E,E)-farnesal","InChI=1S/C15H24O/c1-13(2)7-5-8-14(3)9-6-10-15(4)11-12-16/h7,9,11-12H,5-6,8,10H2,1-4H3/b14-9+,15-11+",chebi:15894,AL,https://garden.org/plants/view/865/Rose-Rosa-Alister-Stella-Gray/,,,AL,,0,,
"(E,E)-farnesyl acetate","InChI=1S/C17H28O2/c1-14(2)8-6-9-15(3)10-7-11-16(4)12-13-19-17(5)18/h8,10,12H,6-7,9,11,13H2,1-5H3/b15-10+,16-12+",,AL,https://garden.org/plants/view/865/Rose-Rosa-Alister-Stella-Gray/,,,AL,,0.1,,
delta-cadinene,"InChI=1S/C15H24/c1-10(2)13-8-6-12(4)14-7-5-11(3)9-15(13)14/h9-10,13,15H,5-8H2,1-4H3",chebi:140564,AL,https://garden.org/plants/view/865/Rose-Rosa-Alister-Stella-Gray/,,,AL,,0,,
alpha-cadinol,"InChI=1S/C15H26O/c1-10(2)12-7-8-15(4,16)14-6-5-11(3)9-13(12)14/h9-10,12-14,16H,5-8H2,1-4H3/t12-,13-,14+,15+/m0/s1",chebi:132905,AL,https://garden.org/plants/view/865/Rose-Rosa-Alister-Stella-Gray/,,,AL,,0,,
tau-cadinol,"InChI=1S/C15H26O/c1-10(2)12-7-8-15(4,16)14-6-5-11(3)9-13(12)14/h9-10,12-14,16H,5-8H2,1-4H3/t12-,13-,14+,15-/m0/s1",chebi:138042,AL,https://garden.org/plants/view/865/Rose-Rosa-Alister-Stella-Gray/,,,AL,,0,,
tau-muurolol,"InChI=1S/C15H26O/c1-10(2)12-7-8-15(4,16)14-6-5-11(3)9-13(12)14/h9-10,12-14,16H,5-8H2,1-4H3/t12-,13-,14-,15-/m0/s1",,AL,https://garden.org/plants/view/865/Rose-Rosa-Alister-Stella-Gray/,,,AL,,0.1,,
elemol,"InChI=1S/C15H26O/c1-7-15(6)9-8-12(14(4,5)16)10-13(15)11(2)3/h7,12-13,16H,1-2,8-10H2,3-6H3/t12-,13+,15-/m1/s1",chebi:141221,AL,https://garden.org/plants/view/865/Rose-Rosa-Alister-Stella-Gray/,,,AL,,0,,
dihydro-beta-ionone,"InChI=1S/C13H22O/c1-10-6-5-9-13(3,4)12(10)8-7-11(2)14/h5-9H2,1-4H3",chebi:18015,AL,https://garden.org/plants/view/865/Rose-Rosa-Alister-Stella-Gray/,,,AL,,0.1,,
dihydro-beta-ionol,"InChI=1S/C13H24O/c1-10-6-5-9-13(3,4)12(10)8-7-11(2)14/h11,14H,5-9H2,1-4H3",,AL,https://garden.org/plants/view/865/Rose-Rosa-Alister-Stella-Gray/,,,AL,,0.3,,
hexanal,"InChI=1S/C6H12O/c1-2-3-4-5-6-7/h6H,2-5H2,1H3",chebi:88528,HA,https://garden.org/plants/view/2455/Rose-Rosa-Firefighter/,,,HA,,0.7,,
(E)-2-hexenal,"InChI=1S/C6H10O/c1-2-3-4-5-6-7/h4-6H,2-3H2,1H3/b5-4+",chebi:28913,HA,https://garden.org/plants/view/2455/Rose-Rosa-Firefighter/,,,HA,,1,,
(Z)-3-hexen-1-ol,"InChI=1S/C6H12O/c1-2-3-4-5-6-7/h3-4,7H,2,5-6H2,1H3/b4-3-",chebi:28857,HA,https://garden.org/plants/view/2455/Rose-Rosa-Firefighter/,,,HA,,0,,
(E)-2-hexen-1-ol,"InChI=1S/C6H12O/c1-2-3-4-5-6-7/h4-5,7H,2-3,6H2,1H3/b5-4+",chebi:141205,HA,https://garden.org/plants/view/2455/Rose-Rosa-Firefighter/,,,HA,,0,,
hexan-1-ol,"InChI=1S/C6H14O/c1-2-3-4-5-6-7/h7H,2-6H2,1H3",chebi:87393,HA,https://garden.org/plants/view/2455/Rose-Rosa-Firefighter/,,,HA,,0.1,,
(Z)-3-hexenyl acetate,"InChI=1S/C8H14O2/c1-3-4-5-6-7-10-8(2)9/h4-5H,3,6-7H2,1-2H3/b5-4-",chebi:61316,HA,https://garden.org/plants/view/2455/Rose-Rosa-Firefighter/,,,HA,,0.1,,
hexyl acetate,"InChI=1S/C8H16O2/c1-3-4-5-6-7-10-8(2)9/h3-7H2,1-2H3",chebi:87510,HA,https://garden.org/plants/view/2455/Rose-Rosa-Firefighter/,,,HA,,0.1,,
nonanal,"InChI=1S/C9H18O/c1-2-3-4-5-6-7-8-9-10/h9H,2-8H2,1H3",chebi:84268,HA,https://garden.org/plants/view/2455/Rose-Rosa-Firefighter/,,,HA,,0,,
benzylalcohol,"InChI=1S/C7H8O/c8-6-7-4-2-1-3-5-7/h1-5,8H,6H2",chebi:17987,HA,https://garden.org/plants/view/2455/Rose-Rosa-Firefighter/,,,HA,,0.9,,
benzaldehyde,InChI=1S/C7H6O/c8-6-7-4-2-1-3-5-7/h1-6H,chebi:17169,HA,https://garden.org/plants/view/2455/Rose-Rosa-Firefighter/,,,HA,,0.1,,
2-phenylethanol,"InChI=1S/C8H10O/c9-7-6-8-4-2-1-3-5-8/h1-5,9H,6-7H2",chebi:49000,HA,https://garden.org/plants/view/2455/Rose-Rosa-Firefighter/,,,HA,,44.3,,
phenylacetaldehyde,"InChI=1S/C8H8O/c9-7-6-8-4-2-1-3-5-8/h1-5,7H,6H2",chebi:16424,HA,https://garden.org/plants/view/2455/Rose-Rosa-Firefighter/,,,HA,,2.8,,
"3,5-dimethoxytoluene","InChI=1S/C9H12O2/c1-7-4-8(10-2)6-9(5-7)11-3/h4-6H,1-3H3",chebi:141217,HA,https://garden.org/plants/view/2455/Rose-Rosa-Firefighter/,,,HA,,1.6,,
"1,3,5-trimethoxybenzene","InChI=1S/C9H12O3/c1-10-7-4-8(11-2)6-9(5-7)12-3/h4-6H,1-3H3",chebi:31038,HA,https://garden.org/plants/view/2455/Rose-Rosa-Firefighter/,,,HA,,0,,
eugenol,"InChI=1S/C10H12O2/c1-3-4-8-5-6-9(11)10(7-8)12-2/h3,5-7,11H,1,4H2,2H3",chebi:4917,HA,https://garden.org/plants/view/2455/Rose-Rosa-Firefighter/,,,HA,,0.2,,
methyl eugenol,"InChI=1S/C11H14O2/c1-4-5-9-6-7-10(12-2)11(8-9)13-3/h4-8H,1-3H3",chebi:14469,HA,https://garden.org/plants/view/2455/Rose-Rosa-Firefighter/,,,HA,,0.1,,
geraniol,"InChI=1S/C10H18O/c1-9(2)5-4-6-10(3)7-8-11/h5,7,11H,4,6,8H2,1-3H3/b10-7+",chebi:17447,HA,https://garden.org/plants/view/2455/Rose-Rosa-Firefighter/,,,HA,,20.6,,
geranial,"InChI=1S/C10H16O/c1-9(2)5-4-6-10(3)7-8-11/h5,7-8H,4,6H2,1-3H3/b10-7+",chebi:16980,HA,https://garden.org/plants/view/2455/Rose-Rosa-Firefighter/,,,HA,,6.3,,
geranic_acid,"InChI=1S/C10H16O2/c1-8(2)5-4-6-9(3)7-10(11)12/h5,7H,4,6H2,1-3H3,(H,11,12)/b9-7+",chebi:67264,HA,https://garden.org/plants/view/2455/Rose-Rosa-Firefighter/,,,HA,,1.2,,
geranyl acetate,"InChI=1S/C12H20O2/c1-10(2)6-5-7-11(3)8-9-14-12(4)13/h6,8H,5,7,9H2,1-4H3/b11-8+",chebi:5331,HA,https://garden.org/plants/view/2455/Rose-Rosa-Firefighter/,,,HA,,0.6,,
nerol,"InChI=1S/C10H18O/c1-9(2)5-4-6-10(3)7-8-11/h5,7,11H,4,6,8H2,1-3H3/b10-7-",chebi:29452,HA,https://garden.org/plants/view/2455/Rose-Rosa-Firefighter/,,,HA,,2.7,,
neral,"InChI=1S/C10H16O/c1-9(2)5-4-6-10(3)7-8-11/h5,7-8H,4,6H2,1-3H3/b10-7-",chebi:29020,HA,https://garden.org/plants/view/2455/Rose-Rosa-Firefighter/,,,HA,,0.6,,
citronellol,"InChI=1S/C10H20O/c1-9(2)5-4-6-10(3)7-8-11/h5,10-11H,4,6-8H2,1-3H3",chebi:50462,HA,https://garden.org/plants/view/2455/Rose-Rosa-Firefighter/,,,HA,,6.9,,
beta-myrcene,"InChI=1S/C10H16/c1-5-10(4)8-6-7-9(2)3/h5,7H,1,4,6,8H2,2-3H3",chebi:17221,HA,https://garden.org/plants/view/2455/Rose-Rosa-Firefighter/,,,HA,,0.6,,
Z-Œ≤-ocimene,"InChI=1S/C10H16/c1-5-10(4)8-6-7-9(2)3/h5,7-8H,1,6H2,2-4H3/b10-8-",chebi:87574,HA,https://garden.org/plants/view/2455/Rose-Rosa-Firefighter/,,,HA,,0.1,,
(E)-beta-ocimene,"InChI=1S/C10H16/c1-5-10(4)8-6-7-9(2)3/h5,7-8H,1,6H2,2-4H3/b10-8+",chebi:64280,HA,https://garden.org/plants/view/2455/Rose-Rosa-Firefighter/,,,HA,,0.3,,
germacrene D,"InChI=1S/C15H24/c1-12(2)15-10-8-13(3)6-5-7-14(4)9-11-15/h7-8,10,12,15H,3,5-6,9,11H2,1-2,4H3/b10-8+,14-7+",chebi:49045,HA,https://garden.org/plants/view/2455/Rose-Rosa-Firefighter/,,,HA,,1.1,,
Germacrene D 4 ol,"InChI=1S/C15H26O/c1-12(2)14-8-7-13(3)6-5-10-15(4,16)11-9-14/h6,9,11-12,14,16H,5,7-8,10H2,1-4H3/b11-9+,13-6+",chebi:141218,HA,https://garden.org/plants/view/2455/Rose-Rosa-Firefighter/,,,HA,,0,,
bicyclogermacrene,"InChI=1S/C15H24/c1-11-6-5-7-12(2)10-14-13(9-8-11)15(14,3)4/h6,10,13-14H,5,7-9H2,1-4H3/b11-6+,12-10+/t13-,14+/m1/s1",chebi:63709,HA,https://garden.org/plants/view/2455/Rose-Rosa-Firefighter/,,,HA,,0.1,,
(E)-beta-farnesene,"InChI=1S/C15H24/c1-6-14(4)10-8-12-15(5)11-7-9-13(2)3/h6,9,12H,1,4,7-8,10-11H2,2-3,5H3/b15-12+",chebi:10418,HA,https://garden.org/plants/view/2455/Rose-Rosa-Firefighter/,,,HA,,0.5,,
"(E,E)-farnesol","InChI=1S/C15H26O/c1-13(2)7-5-8-14(3)9-6-10-15(4)11-12-16/h7,9,11,16H,5-6,8,10,12H2,1-4H3/b14-9+,15-11+",chebi:16619,HA,https://garden.org/plants/view/2455/Rose-Rosa-Firefighter/,,,HA,,5.1,,
"(E,E)-farnesal","InChI=1S/C15H24O/c1-13(2)7-5-8-14(3)9-6-10-15(4)11-12-16/h7,9,11-12H,5-6,8,10H2,1-4H3/b14-9+,15-11+",chebi:15894,HA,https://garden.org/plants/view/2455/Rose-Rosa-Firefighter/,,,HA,,0.1,,
"(E,E)-farnesyl acetate","InChI=1S/C17H28O2/c1-14(2)8-6-9-15(3)10-7-11-16(4)12-13-19-17(5)18/h8,10,12H,6-7,9,11,13H2,1-5H3/b15-10+,16-12+",,HA,https://garden.org/plants/view/2455/Rose-Rosa-Firefighter/,,,HA,,0.4,,
delta-cadinene,"InChI=1S/C15H24/c1-10(2)13-8-6-12(4)14-7-5-11(3)9-15(13)14/h9-10,13,15H,5-8H2,1-4H3",chebi:140564,HA,https://garden.org/plants/view/2455/Rose-Rosa-Firefighter/,,,HA,,0.3,,
alpha-cadinol,"InChI=1S/C15H26O/c1-10(2)12-7-8-15(4,16)14-6-5-11(3)9-13(12)14/h9-10,12-14,16H,5-8H2,1-4H3/t12-,13-,14+,15+/m0/s1",chebi:132905,HA,https://garden.org/plants/view/2455/Rose-Rosa-Firefighter/,,,HA,,0.3,,
tau-cadinol,"InChI=1S/C15H26O/c1-10(2)12-7-8-15(4,16)14-6-5-11(3)9-13(12)14/h9-10,12-14,16H,5-8H2,1-4H3/t12-,13-,14+,15-/m0/s1",chebi:138042,HA,https://garden.org/plants/view/2455/Rose-Rosa-Firefighter/,,,HA,,0.1,,
tau-muurolol,"InChI=1S/C15H26O/c1-10(2)12-7-8-15(4,16)14-6-5-11(3)9-13(12)14/h9-10,12-14,16H,5-8H2,1-4H3/t12-,13-,14-,15-/m0/s1",,HA,https://garden.org/plants/view/2455/Rose-Rosa-Firefighter/,,,HA,,0.1,,
elemol,"InChI=1S/C15H26O/c1-7-15(6)9-8-12(14(4,5)16)10-13(15)11(2)3/h7,12-13,16H,1-2,8-10H2,3-6H3/t12-,13+,15-/m1/s1",chebi:141221,HA,https://garden.org/plants/view/2455/Rose-Rosa-Firefighter/,,,HA,,0,,
dihydro-beta-ionone,"InChI=1S/C13H22O/c1-10-6-5-9-13(3,4)12(10)8-7-11(2)14/h5-9H2,1-4H3",chebi:18015,HA,https://garden.org/plants/view/2455/Rose-Rosa-Firefighter/,,,HA,,0,,
dihydro-beta-ionol,"InChI=1S/C13H24O/c1-10-6-5-9-13(3,4)12(10)8-7-11(2)14/h11,14H,5-9H2,1-4H3",,HA,https://garden.org/plants/view/2455/Rose-Rosa-Firefighter/,,,HA,,0,,
hexanal,"InChI=1S/C6H12O/c1-2-3-4-5-6-7/h6H,2-5H2,1H3",chebi:88528,PC,https://garden.org/plants/view/2163/Rose-Rosa-Pariser-Charme/,,,PC,,0.5,,
(E)-2-hexenal,"InChI=1S/C6H10O/c1-2-3-4-5-6-7/h4-6H,2-3H2,1H3/b5-4+",chebi:28913,PC,https://garden.org/plants/view/2163/Rose-Rosa-Pariser-Charme/,,,PC,,1,,
(Z)-3-hexen-1-ol,"InChI=1S/C6H12O/c1-2-3-4-5-6-7/h3-4,7H,2,5-6H2,1H3/b4-3-",chebi:28857,PC,https://garden.org/plants/view/2163/Rose-Rosa-Pariser-Charme/,,,PC,,0,,
(E)-2-hexen-1-ol,"InChI=1S/C6H12O/c1-2-3-4-5-6-7/h4-5,7H,2-3,6H2,1H3/b5-4+",chebi:141205,PC,https://garden.org/plants/view/2163/Rose-Rosa-Pariser-Charme/,,,PC,,0,,
hexan-1-ol,"InChI=1S/C6H14O/c1-2-3-4-5-6-7/h7H,2-6H2,1H3",chebi:87393,PC,https://garden.org/plants/view/2163/Rose-Rosa-Pariser-Charme/,,,PC,,0,,
(Z)-3-hexenyl acetate,"InChI=1S/C8H14O2/c1-3-4-5-6-7-10-8(2)9/h4-5H,3,6-7H2,1-2H3/b5-4-",chebi:61316,PC,https://garden.org/plants/view/2163/Rose-Rosa-Pariser-Charme/,,,PC,,0.4,,
hexyl acetate,"InChI=1S/C8H16O2/c1-3-4-5-6-7-10-8(2)9/h3-7H2,1-2H3",chebi:87510,PC,https://garden.org/plants/view/2163/Rose-Rosa-Pariser-Charme/,,,PC,,0.1,,
nonanal,"InChI=1S/C9H18O/c1-2-3-4-5-6-7-8-9-10/h9H,2-8H2,1H3",chebi:84268,PC,https://garden.org/plants/view/2163/Rose-Rosa-Pariser-Charme/,,,PC,,0.3,,
benzylalcohol,"InChI=1S/C7H8O/c8-6-7-4-2-1-3-5-7/h1-5,8H,6H2",chebi:17987,PC,https://garden.org/plants/view/2163/Rose-Rosa-Pariser-Charme/,,,PC,,2.3,,
benzaldehyde,InChI=1S/C7H6O/c8-6-7-4-2-1-3-5-7/h1-6H,chebi:17169,PC,https://garden.org/plants/view/2163/Rose-Rosa-Pariser-Charme/,,,PC,,0.2,,
2-phenylethanol,"InChI=1S/C8H10O/c9-7-6-8-4-2-1-3-5-8/h1-5,9H,6-7H2",chebi:49000,PC,https://garden.org/plants/view/2163/Rose-Rosa-Pariser-Charme/,,,PC,,0.1,,
phenylacetaldehyde,"InChI=1S/C8H8O/c9-7-6-8-4-2-1-3-5-8/h1-5,7H,6H2",chebi:16424,PC,https://garden.org/plants/view/2163/Rose-Rosa-Pariser-Charme/,,,PC,,0,,
"3,5-dimethoxytoluene","InChI=1S/C9H12O2/c1-7-4-8(10-2)6-9(5-7)11-3/h4-6H,1-3H3",chebi:141217,PC,https://garden.org/plants/view/2163/Rose-Rosa-Pariser-Charme/,,,PC,,0,,
"1,3,5-trimethoxybenzene","InChI=1S/C9H12O3/c1-10-7-4-8(11-2)6-9(5-7)12-3/h4-6H,1-3H3",chebi:31038,PC,https://garden.org/plants/view/2163/Rose-Rosa-Pariser-Charme/,,,PC,,0,,
eugenol,"InChI=1S/C10H12O2/c1-3-4-8-5-6-9(11)10(7-8)12-2/h3,5-7,11H,1,4H2,2H3",chebi:4917,PC,https://garden.org/plants/view/2163/Rose-Rosa-Pariser-Charme/,,,PC,,5.5,,
methyl eugenol,"InChI=1S/C11H14O2/c1-4-5-9-6-7-10(12-2)11(8-9)13-3/h4-8H,1-3H3",chebi:14469,PC,https://garden.org/plants/view/2163/Rose-Rosa-Pariser-Charme/,,,PC,,0.3,,
geraniol,"InChI=1S/C10H18O/c1-9(2)5-4-6-10(3)7-8-11/h5,7,11H,4,6,8H2,1-3H3/b10-7+",chebi:17447,PC,https://garden.org/plants/view/2163/Rose-Rosa-Pariser-Charme/,,,PC,,29.7,,
geranial,"InChI=1S/C10H16O/c1-9(2)5-4-6-10(3)7-8-11/h5,7-8H,4,6H2,1-3H3/b10-7+",chebi:16980,PC,https://garden.org/plants/view/2163/Rose-Rosa-Pariser-Charme/,,,PC,,13.8,,
geranic_acid,"InChI=1S/C10H16O2/c1-8(2)5-4-6-9(3)7-10(11)12/h5,7H,4,6H2,1-3H3,(H,11,12)/b9-7+",chebi:67264,PC,https://garden.org/plants/view/2163/Rose-Rosa-Pariser-Charme/,,,PC,,3.7,,
geranyl acetate,"InChI=1S/C12H20O2/c1-10(2)6-5-7-11(3)8-9-14-12(4)13/h6,8H,5,7,9H2,1-4H3/b11-8+",chebi:5331,PC,https://garden.org/plants/view/2163/Rose-Rosa-Pariser-Charme/,,,PC,,0.9,,
nerol,"InChI=1S/C10H18O/c1-9(2)5-4-6-10(3)7-8-11/h5,7,11H,4,6,8H2,1-3H3/b10-7-",chebi:29452,PC,https://garden.org/plants/view/2163/Rose-Rosa-Pariser-Charme/,,,PC,,13.7,,
neral,"InChI=1S/C10H16O/c1-9(2)5-4-6-10(3)7-8-11/h5,7-8H,4,6H2,1-3H3/b10-7-",chebi:29020,PC,https://garden.org/plants/view/2163/Rose-Rosa-Pariser-Charme/,,,PC,,1.8,,
citronellol,"InChI=1S/C10H20O/c1-9(2)5-4-6-10(3)7-8-11/h5,10-11H,4,6-8H2,1-3H3",chebi:50462,PC,https://garden.org/plants/view/2163/Rose-Rosa-Pariser-Charme/,,,PC,,5.5,,
beta-myrcene,"InChI=1S/C10H16/c1-5-10(4)8-6-7-9(2)3/h5,7H,1,4,6,8H2,2-3H3",chebi:17221,PC,https://garden.org/plants/view/2163/Rose-Rosa-Pariser-Charme/,,,PC,,2.3,,
Z-Œ≤-ocimene,"InChI=1S/C10H16/c1-5-10(4)8-6-7-9(2)3/h5,7-8H,1,6H2,2-4H3/b10-8-",chebi:87574,PC,https://garden.org/plants/view/2163/Rose-Rosa-Pariser-Charme/,,,PC,,0.5,,
(E)-beta-ocimene,"InChI=1S/C10H16/c1-5-10(4)8-6-7-9(2)3/h5,7-8H,1,6H2,2-4H3/b10-8+",chebi:64280,PC,https://garden.org/plants/view/2163/Rose-Rosa-Pariser-Charme/,,,PC,,1,,
germacrene D,"InChI=1S/C15H24/c1-12(2)15-10-8-13(3)6-5-7-14(4)9-11-15/h7-8,10,12,15H,3,5-6,9,11H2,1-2,4H3/b10-8+,14-7+",chebi:49045,PC,https://garden.org/plants/view/2163/Rose-Rosa-Pariser-Charme/,,,PC,,2.9,,
Germacrene D 4 ol,"InChI=1S/C15H26O/c1-12(2)14-8-7-13(3)6-5-10-15(4,16)11-9-14/h6,9,11-12,14,16H,5,7-8,10H2,1-4H3/b11-9+,13-6+",chebi:141218,PC,https://garden.org/plants/view/2163/Rose-Rosa-Pariser-Charme/,,,PC,,0.3,,
bicyclogermacrene,"InChI=1S/C15H24/c1-11-6-5-7-12(2)10-14-13(9-8-11)15(14,3)4/h6,10,13-14H,5,7-9H2,1-4H3/b11-6+,12-10+/t13-,14+/m1/s1",chebi:63709,PC,https://garden.org/plants/view/2163/Rose-Rosa-Pariser-Charme/,,,PC,,0.1,,
(E)-beta-farnesene,"InChI=1S/C15H24/c1-6-14(4)10-8-12-15(5)11-7-9-13(2)3/h6,9,12H,1,4,7-8,10-11H2,2-3,5H3/b15-12+",chebi:10418,PC,https://garden.org/plants/view/2163/Rose-Rosa-Pariser-Charme/,,,PC,,1.1,,
"(E,E)-farnesol","InChI=1S/C15H26O/c1-13(2)7-5-8-14(3)9-6-10-15(4)11-12-16/h7,9,11,16H,5-6,8,10,12H2,1-4H3/b14-9+,15-11+",chebi:16619,PC,https://garden.org/plants/view/2163/Rose-Rosa-Pariser-Charme/,,,PC,,4.7,,
"(E,E)-farnesal","InChI=1S/C15H24O/c1-13(2)7-5-8-14(3)9-6-10-15(4)11-12-16/h7,9,11-12H,5-6,8,10H2,1-4H3/b14-9+,15-11+",chebi:15894,PC,https://garden.org/plants/view/2163/Rose-Rosa-Pariser-Charme/,,,PC,,0.1,,
"(E,E)-farnesyl acetate","InChI=1S/C17H28O2/c1-14(2)8-6-9-15(3)10-7-11-16(4)12-13-19-17(5)18/h8,10,12H,6-7,9,11,13H2,1-5H3/b15-10+,16-12+",,PC,https://garden.org/plants/view/2163/Rose-Rosa-Pariser-Charme/,,,PC,,0,,
delta-cadinene,"InChI=1S/C15H24/c1-10(2)13-8-6-12(4)14-7-5-11(3)9-15(13)14/h9-10,13,15H,5-8H2,1-4H3",chebi:140564,PC,https://garden.org/plants/view/2163/Rose-Rosa-Pariser-Charme/,,,PC,,0.4,,
alpha-cadinol,"InChI=1S/C15H26O/c1-10(2)12-7-8-15(4,16)14-6-5-11(3)9-13(12)14/h9-10,12-14,16H,5-8H2,1-4H3/t12-,13-,14+,15+/m0/s1",chebi:132905,PC,https://garden.org/plants/view/2163/Rose-Rosa-Pariser-Charme/,,,PC,,0.9,,
tau-cadinol,"InChI=1S/C15H26O/c1-10(2)12-7-8-15(4,16)14-6-5-11(3)9-13(12)14/h9-10,12-14,16H,5-8H2,1-4H3/t12-,13-,14+,15-/m0/s1",chebi:138042,PC,https://garden.org/plants/view/2163/Rose-Rosa-Pariser-Charme/,,,PC,,0.3,,
tau-muurolol,"InChI=1S/C15H26O/c1-10(2)12-7-8-15(4,16)14-6-5-11(3)9-13(12)14/h9-10,12-14,16H,5-8H2,1-4H3/t12-,13-,14-,15-/m0/s1",,PC,https://garden.org/plants/view/2163/Rose-Rosa-Pariser-Charme/,,,PC,,0.8,,
elemol,"InChI=1S/C15H26O/c1-7-15(6)9-8-12(14(4,5)16)10-13(15)11(2)3/h7,12-13,16H,1-2,8-10H2,3-6H3/t12-,13+,15-/m1/s1",chebi:141221,PC,https://garden.org/plants/view/2163/Rose-Rosa-Pariser-Charme/,,,PC,,1.3,,
dihydro-beta-ionone,"InChI=1S/C13H22O/c1-10-6-5-9-13(3,4)12(10)8-7-11(2)14/h5-9H2,1-4H3",chebi:18015,PC,https://garden.org/plants/view/2163/Rose-Rosa-Pariser-Charme/,,,PC,,0.1,,
dihydro-beta-ionol,"InChI=1S/C13H24O/c1-10-6-5-9-13(3,4)12(10)8-7-11(2)14/h11,14H,5-9H2,1-4H3",,PC,https://garden.org/plants/view/2163/Rose-Rosa-Pariser-Charme/,,,PC,,3.2,,
hexanal,"InChI=1S/C6H12O/c1-2-3-4-5-6-7/h6H,2-5H2,1H3",chebi:88528,OB,https://garden.org/plants/view/383/Rose-Rosa-Old-Blush/,,,OB,,0.5,,
(E)-2-hexenal,"InChI=1S/C6H10O/c1-2-3-4-5-6-7/h4-6H,2-3H2,1H3/b5-4+",chebi:28913,OB,https://garden.org/plants/view/383/Rose-Rosa-Old-Blush/,,,OB,,9.6,,
(Z)-3-hexen-1-ol,"InChI=1S/C6H12O/c1-2-3-4-5-6-7/h3-4,7H,2,5-6H2,1H3/b4-3-",chebi:28857,OB,https://garden.org/plants/view/383/Rose-Rosa-Old-Blush/,,,OB,,4.6,,
(E)-2-hexen-1-ol,"InChI=1S/C6H12O/c1-2-3-4-5-6-7/h4-5,7H,2-3,6H2,1H3/b5-4+",chebi:141205,OB,https://garden.org/plants/view/383/Rose-Rosa-Old-Blush/,,,OB,,1.8,,
hexan-1-ol,"InChI=1S/C6H14O/c1-2-3-4-5-6-7/h7H,2-6H2,1H3",chebi:87393,OB,https://garden.org/plants/view/383/Rose-Rosa-Old-Blush/,,,OB,,0.4,,
(Z)-3-hexenyl acetate,"InChI=1S/C8H14O2/c1-3-4-5-6-7-10-8(2)9/h4-5H,3,6-7H2,1-2H3/b5-4-",chebi:61316,OB,https://garden.org/plants/view/383/Rose-Rosa-Old-Blush/,,,OB,,7.1,,
hexyl acetate,"InChI=1S/C8H16O2/c1-3-4-5-6-7-10-8(2)9/h3-7H2,1-2H3",chebi:87510,OB,https://garden.org/plants/view/383/Rose-Rosa-Old-Blush/,,,OB,,0,,
nonanal,"InChI=1S/C9H18O/c1-2-3-4-5-6-7-8-9-10/h9H,2-8H2,1H3",chebi:84268,OB,https://garden.org/plants/view/383/Rose-Rosa-Old-Blush/,,,OB,,0.1,,
benzylalcohol,"InChI=1S/C7H8O/c8-6-7-4-2-1-3-5-7/h1-5,8H,6H2",chebi:17987,OB,https://garden.org/plants/view/383/Rose-Rosa-Old-Blush/,,,OB,,0.1,,
benzaldehyde,InChI=1S/C7H6O/c8-6-7-4-2-1-3-5-7/h1-6H,chebi:17169,OB,https://garden.org/plants/view/383/Rose-Rosa-Old-Blush/,,,OB,,0,,
2-phenylethanol,"InChI=1S/C8H10O/c9-7-6-8-4-2-1-3-5-8/h1-5,9H,6-7H2",chebi:49000,OB,https://garden.org/plants/view/383/Rose-Rosa-Old-Blush/,,,OB,,0.4,,
phenylacetaldehyde,"InChI=1S/C8H8O/c9-7-6-8-4-2-1-3-5-8/h1-5,7H,6H2",chebi:16424,OB,https://garden.org/plants/view/383/Rose-Rosa-Old-Blush/,,,OB,,0,,
"3,5-dimethoxytoluene","InChI=1S/C9H12O2/c1-7-4-8(10-2)6-9(5-7)11-3/h4-6H,1-3H3",chebi:141217,OB,https://garden.org/plants/view/383/Rose-Rosa-Old-Blush/,,,OB,,0.1,,
"1,3,5-trimethoxybenzene","InChI=1S/C9H12O3/c1-10-7-4-8(11-2)6-9(5-7)12-3/h4-6H,1-3H3",chebi:31038,OB,https://garden.org/plants/view/383/Rose-Rosa-Old-Blush/,,,OB,,9.7,,
eugenol,"InChI=1S/C10H12O2/c1-3-4-8-5-6-9(11)10(7-8)12-2/h3,5-7,11H,1,4H2,2H3",chebi:4917,OB,https://garden.org/plants/view/383/Rose-Rosa-Old-Blush/,,,OB,,0,,
methyl eugenol,"InChI=1S/C11H14O2/c1-4-5-9-6-7-10(12-2)11(8-9)13-3/h4-8H,1-3H3",chebi:14469,OB,https://garden.org/plants/view/383/Rose-Rosa-Old-Blush/,,,OB,,0,,
geraniol,"InChI=1S/C10H18O/c1-9(2)5-4-6-10(3)7-8-11/h5,7,11H,4,6,8H2,1-3H3/b10-7+",chebi:17447,OB,https://garden.org/plants/view/383/Rose-Rosa-Old-Blush/,,,OB,,38.1,,
geranial,"InChI=1S/C10H16O/c1-9(2)5-4-6-10(3)7-8-11/h5,7-8H,4,6H2,1-3H3/b10-7+",chebi:16980,OB,https://garden.org/plants/view/383/Rose-Rosa-Old-Blush/,,,OB,,6.1,,
geranic_acid,"InChI=1S/C10H16O2/c1-8(2)5-4-6-9(3)7-10(11)12/h5,7H,4,6H2,1-3H3,(H,11,12)/b9-7+",chebi:67264,OB,https://garden.org/plants/view/383/Rose-Rosa-Old-Blush/,,,OB,,0,,
geranyl acetate,"InChI=1S/C12H20O2/c1-10(2)6-5-7-11(3)8-9-14-12(4)13/h6,8H,5,7,9H2,1-4H3/b11-8+",chebi:5331,OB,https://garden.org/plants/view/383/Rose-Rosa-Old-Blush/,,,OB,,0.2,,
nerol,"InChI=1S/C10H18O/c1-9(2)5-4-6-10(3)7-8-11/h5,7,11H,4,6,8H2,1-3H3/b10-7-",chebi:29452,OB,https://garden.org/plants/view/383/Rose-Rosa-Old-Blush/,,,OB,,0.1,,
neral,"InChI=1S/C10H16O/c1-9(2)5-4-6-10(3)7-8-11/h5,7-8H,4,6H2,1-3H3/b10-7-",chebi:29020,OB,https://garden.org/plants/view/383/Rose-Rosa-Old-Blush/,,,OB,,0.1,,
citronellol,"InChI=1S/C10H20O/c1-9(2)5-4-6-10(3)7-8-11/h5,10-11H,4,6-8H2,1-3H3",chebi:50462,OB,https://garden.org/plants/view/383/Rose-Rosa-Old-Blush/,,,OB,,0.6,,
beta-myrcene,"InChI=1S/C10H16/c1-5-10(4)8-6-7-9(2)3/h5,7H,1,4,6,8H2,2-3H3",chebi:17221,OB,https://garden.org/plants/view/383/Rose-Rosa-Old-Blush/,,,OB,,0,,
Z-Œ≤-ocimene,"InChI=1S/C10H16/c1-5-10(4)8-6-7-9(2)3/h5,7-8H,1,6H2,2-4H3/b10-8-",chebi:87574,OB,https://garden.org/plants/view/383/Rose-Rosa-Old-Blush/,,,OB,,0,,
(E)-beta-ocimene,"InChI=1S/C10H16/c1-5-10(4)8-6-7-9(2)3/h5,7-8H,1,6H2,2-4H3/b10-8+",chebi:64280,OB,https://garden.org/plants/view/383/Rose-Rosa-Old-Blush/,,,OB,,0,,
germacrene D,"InChI=1S/C15H24/c1-12(2)15-10-8-13(3)6-5-7-14(4)9-11-15/h7-8,10,12,15H,3,5-6,9,11H2,1-2,4H3/b10-8+,14-7+",chebi:49045,OB,https://garden.org/plants/view/383/Rose-Rosa-Old-Blush/,,,OB,,7.5,,
Germacrene D 4 ol,"InChI=1S/C15H26O/c1-12(2)14-8-7-13(3)6-5-10-15(4,16)11-9-14/h6,9,11-12,14,16H,5,7-8,10H2,1-4H3/b11-9+,13-6+",chebi:141218,OB,https://garden.org/plants/view/383/Rose-Rosa-Old-Blush/,,,OB,,0.6,,
bicyclogermacrene,"InChI=1S/C15H24/c1-11-6-5-7-12(2)10-14-13(9-8-11)15(14,3)4/h6,10,13-14H,5,7-9H2,1-4H3/b11-6+,12-10+/t13-,14+/m1/s1",chebi:63709,OB,https://garden.org/plants/view/383/Rose-Rosa-Old-Blush/,,,OB,,0,,
(E)-beta-farnesene,"InChI=1S/C15H24/c1-6-14(4)10-8-12-15(5)11-7-9-13(2)3/h6,9,12H,1,4,7-8,10-11H2,2-3,5H3/b15-12+",chebi:10418,OB,https://garden.org/plants/view/383/Rose-Rosa-Old-Blush/,,,OB,,0,,
"(E,E)-farnesol","InChI=1S/C15H26O/c1-13(2)7-5-8-14(3)9-6-10-15(4)11-12-16/h7,9,11,16H,5-6,8,10,12H2,1-4H3/b14-9+,15-11+",chebi:16619,OB,https://garden.org/plants/view/383/Rose-Rosa-Old-Blush/,,,OB,,0.1,,
"(E,E)-farnesal","InChI=1S/C15H24O/c1-13(2)7-5-8-14(3)9-6-10-15(4)11-12-16/h7,9,11-12H,5-6,8,10H2,1-4H3/b14-9+,15-11+",chebi:15894,OB,https://garden.org/plants/view/383/Rose-Rosa-Old-Blush/,,,OB,,0,,
"(E,E)-farnesyl acetate","InChI=1S/C17H28O2/c1-14(2)8-6-9-15(3)10-7-11-16(4)12-13-19-17(5)18/h8,10,12H,6-7,9,11,13H2,1-5H3/b15-10+,16-12+",,OB,https://garden.org/plants/view/383/Rose-Rosa-Old-Blush/,,,OB,,0,,
delta-cadinene,"InChI=1S/C15H24/c1-10(2)13-8-6-12(4)14-7-5-11(3)9-15(13)14/h9-10,13,15H,5-8H2,1-4H3",chebi:140564,OB,https://garden.org/plants/view/383/Rose-Rosa-Old-Blush/,,,OB,,0.2,,
alpha-cadinol,"InChI=1S/C15H26O/c1-10(2)12-7-8-15(4,16)14-6-5-11(3)9-13(12)14/h9-10,12-14,16H,5-8H2,1-4H3/t12-,13-,14+,15+/m0/s1",chebi:132905,OB,https://garden.org/plants/view/383/Rose-Rosa-Old-Blush/,,,OB,,0.2,,
tau-cadinol,"InChI=1S/C15H26O/c1-10(2)12-7-8-15(4,16)14-6-5-11(3)9-13(12)14/h9-10,12-14,16H,5-8H2,1-4H3/t12-,13-,14+,15-/m0/s1",chebi:138042,OB,https://garden.org/plants/view/383/Rose-Rosa-Old-Blush/,,,OB,,0,,
tau-muurolol,"InChI=1S/C15H26O/c1-10(2)12-7-8-15(4,16)14-6-5-11(3)9-13(12)14/h9-10,12-14,16H,5-8H2,1-4H3/t12-,13-,14-,15-/m0/s1",,OB,https://garden.org/plants/view/383/Rose-Rosa-Old-Blush/,,,OB,,0.2,,
elemol,"InChI=1S/C15H26O/c1-7-15(6)9-8-12(14(4,5)16)10-13(15)11(2)3/h7,12-13,16H,1-2,8-10H2,3-6H3/t12-,13+,15-/m1/s1",chebi:141221,OB,https://garden.org/plants/view/383/Rose-Rosa-Old-Blush/,,,OB,,0,,
dihydro-beta-ionone,"InChI=1S/C13H22O/c1-10-6-5-9-13(3,4)12(10)8-7-11(2)14/h5-9H2,1-4H3",chebi:18015,OB,https://garden.org/plants/view/383/Rose-Rosa-Old-Blush/,,,OB,,0.1,,
dihydro-beta-ionol,"InChI=1S/C13H24O/c1-10-6-5-9-13(3,4)12(10)8-7-11(2)14/h11,14H,5-9H2,1-4H3",,OB,https://garden.org/plants/view/383/Rose-Rosa-Old-Blush/,,,OB,,11.6,,
hexanal,"InChI=1S/C6H12O/c1-2-3-4-5-6-7/h6H,2-5H2,1H3",chebi:88528,AN,https://garden.org/plants/view/695733/Rose-Rosa-Anna/,,,AN,,1.5,,
(E)-2-hexenal,"InChI=1S/C6H10O/c1-2-3-4-5-6-7/h4-6H,2-3H2,1H3/b5-4+",chebi:28913,AN,https://garden.org/plants/view/695733/Rose-Rosa-Anna/,,,AN,,6.5,,
(Z)-3-hexen-1-ol,"InChI=1S/C6H12O/c1-2-3-4-5-6-7/h3-4,7H,2,5-6H2,1H3/b4-3-",chebi:28857,AN,https://garden.org/plants/view/695733/Rose-Rosa-Anna/,,,AN,,0,,
(E)-2-hexen-1-ol,"InChI=1S/C6H12O/c1-2-3-4-5-6-7/h4-5,7H,2-3,6H2,1H3/b5-4+",chebi:141205,AN,https://garden.org/plants/view/695733/Rose-Rosa-Anna/,,,AN,,0,,
hexan-1-ol,"InChI=1S/C6H14O/c1-2-3-4-5-6-7/h7H,2-6H2,1H3",chebi:87393,AN,https://garden.org/plants/view/695733/Rose-Rosa-Anna/,,,AN,,0,,
(Z)-3-hexenyl acetate,"InChI=1S/C8H14O2/c1-3-4-5-6-7-10-8(2)9/h4-5H,3,6-7H2,1-2H3/b5-4-",chebi:61316,AN,https://garden.org/plants/view/695733/Rose-Rosa-Anna/,,,AN,,0.7,,
hexyl acetate,"InChI=1S/C8H16O2/c1-3-4-5-6-7-10-8(2)9/h3-7H2,1-2H3",chebi:87510,AN,https://garden.org/plants/view/695733/Rose-Rosa-Anna/,,,AN,,0.4,,
nonanal,"InChI=1S/C9H18O/c1-2-3-4-5-6-7-8-9-10/h9H,2-8H2,1H3",chebi:84268,AN,https://garden.org/plants/view/695733/Rose-Rosa-Anna/,,,AN,,0.1,,
benzylalcohol,"InChI=1S/C7H8O/c8-6-7-4-2-1-3-5-7/h1-5,8H,6H2",chebi:17987,AN,https://garden.org/plants/view/695733/Rose-Rosa-Anna/,,,AN,,0.6,,
benzaldehyde,InChI=1S/C7H6O/c8-6-7-4-2-1-3-5-7/h1-6H,chebi:17169,AN,https://garden.org/plants/view/695733/Rose-Rosa-Anna/,,,AN,,0,,
2-phenylethanol,"InChI=1S/C8H10O/c9-7-6-8-4-2-1-3-5-8/h1-5,9H,6-7H2",chebi:49000,AN,https://garden.org/plants/view/695733/Rose-Rosa-Anna/,,,AN,,0,,
phenylacetaldehyde,"InChI=1S/C8H8O/c9-7-6-8-4-2-1-3-5-8/h1-5,7H,6H2",chebi:16424,AN,https://garden.org/plants/view/695733/Rose-Rosa-Anna/,,,AN,,0,,
"3,5-dimethoxytoluene","InChI=1S/C9H12O2/c1-7-4-8(10-2)6-9(5-7)11-3/h4-6H,1-3H3",chebi:141217,AN,https://garden.org/plants/view/695733/Rose-Rosa-Anna/,,,AN,,15.8,,
"1,3,5-trimethoxybenzene","InChI=1S/C9H12O3/c1-10-7-4-8(11-2)6-9(5-7)12-3/h4-6H,1-3H3",chebi:31038,AN,https://garden.org/plants/view/695733/Rose-Rosa-Anna/,,,AN,,0,,
eugenol,"InChI=1S/C10H12O2/c1-3-4-8-5-6-9(11)10(7-8)12-2/h3,5-7,11H,1,4H2,2H3",chebi:4917,AN,https://garden.org/plants/view/695733/Rose-Rosa-Anna/,,,AN,,0.2,,
methyl eugenol,"InChI=1S/C11H14O2/c1-4-5-9-6-7-10(12-2)11(8-9)13-3/h4-8H,1-3H3",chebi:14469,AN,https://garden.org/plants/view/695733/Rose-Rosa-Anna/,,,AN,,0.4,,
geraniol,"InChI=1S/C10H18O/c1-9(2)5-4-6-10(3)7-8-11/h5,7,11H,4,6,8H2,1-3H3/b10-7+",chebi:17447,AN,https://garden.org/plants/view/695733/Rose-Rosa-Anna/,,,AN,,0.1,,
geranial,"InChI=1S/C10H16O/c1-9(2)5-4-6-10(3)7-8-11/h5,7-8H,4,6H2,1-3H3/b10-7+",chebi:16980,AN,https://garden.org/plants/view/695733/Rose-Rosa-Anna/,,,AN,,0,,
geranic_acid,"InChI=1S/C10H16O2/c1-8(2)5-4-6-9(3)7-10(11)12/h5,7H,4,6H2,1-3H3,(H,11,12)/b9-7+",chebi:67264,AN,https://garden.org/plants/view/695733/Rose-Rosa-Anna/,,,AN,,0,,
geranyl acetate,"InChI=1S/C12H20O2/c1-10(2)6-5-7-11(3)8-9-14-12(4)13/h6,8H,5,7,9H2,1-4H3/b11-8+",chebi:5331,AN,https://garden.org/plants/view/695733/Rose-Rosa-Anna/,,,AN,,0,,
nerol,"InChI=1S/C10H18O/c1-9(2)5-4-6-10(3)7-8-11/h5,7,11H,4,6,8H2,1-3H3/b10-7-",chebi:29452,AN,https://garden.org/plants/view/695733/Rose-Rosa-Anna/,,,AN,,0,,
neral,"InChI=1S/C10H16O/c1-9(2)5-4-6-10(3)7-8-11/h5,7-8H,4,6H2,1-3H3/b10-7-",chebi:29020,AN,https://garden.org/plants/view/695733/Rose-Rosa-Anna/,,,AN,,0,,
citronellol,"InChI=1S/C10H20O/c1-9(2)5-4-6-10(3)7-8-11/h5,10-11H,4,6-8H2,1-3H3",chebi:50462,AN,https://garden.org/plants/view/695733/Rose-Rosa-Anna/,,,AN,,0,,
beta-myrcene,"InChI=1S/C10H16/c1-5-10(4)8-6-7-9(2)3/h5,7H,1,4,6,8H2,2-3H3",chebi:17221,AN,https://garden.org/plants/view/695733/Rose-Rosa-Anna/,,,AN,,0,,
Z-Œ≤-ocimene,"InChI=1S/C10H16/c1-5-10(4)8-6-7-9(2)3/h5,7-8H,1,6H2,2-4H3/b10-8-",chebi:87574,AN,https://garden.org/plants/view/695733/Rose-Rosa-Anna/,,,AN,,0,,
(E)-beta-ocimene,"InChI=1S/C10H16/c1-5-10(4)8-6-7-9(2)3/h5,7-8H,1,6H2,2-4H3/b10-8+",chebi:64280,AN,https://garden.org/plants/view/695733/Rose-Rosa-Anna/,,,AN,,0.1,,
germacrene D,"InChI=1S/C15H24/c1-12(2)15-10-8-13(3)6-5-7-14(4)9-11-15/h7-8,10,12,15H,3,5-6,9,11H2,1-2,4H3/b10-8+,14-7+",chebi:49045,AN,https://garden.org/plants/view/695733/Rose-Rosa-Anna/,,,AN,,44.5,,
Germacrene D 4 ol,"InChI=1S/C15H26O/c1-12(2)14-8-7-13(3)6-5-10-15(4,16)11-9-14/h6,9,11-12,14,16H,5,7-8,10H2,1-4H3/b11-9+,13-6+",chebi:141218,AN,https://garden.org/plants/view/695733/Rose-Rosa-Anna/,,,AN,,0.2,,
bicyclogermacrene,"InChI=1S/C15H24/c1-11-6-5-7-12(2)10-14-13(9-8-11)15(14,3)4/h6,10,13-14H,5,7-9H2,1-4H3/b11-6+,12-10+/t13-,14+/m1/s1",chebi:63709,AN,https://garden.org/plants/view/695733/Rose-Rosa-Anna/,,,AN,,0.7,,
(E)-beta-farnesene,"InChI=1S/C15H24/c1-6-14(4)10-8-12-15(5)11-7-9-13(2)3/h6,9,12H,1,4,7-8,10-11H2,2-3,5H3/b15-12+",chebi:10418,AN,https://garden.org/plants/view/695733/Rose-Rosa-Anna/,,,AN,,0,,
"(E,E)-farnesol","InChI=1S/C15H26O/c1-13(2)7-5-8-14(3)9-6-10-15(4)11-12-16/h7,9,11,16H,5-6,8,10,12H2,1-4H3/b14-9+,15-11+",chebi:16619,AN,https://garden.org/plants/view/695733/Rose-Rosa-Anna/,,,AN,,0,,
"(E,E)-farnesal","InChI=1S/C15H24O/c1-13(2)7-5-8-14(3)9-6-10-15(4)11-12-16/h7,9,11-12H,5-6,8,10H2,1-4H3/b14-9+,15-11+",chebi:15894,AN,https://garden.org/plants/view/695733/Rose-Rosa-Anna/,,,AN,,0,,
"(E,E)-farnesyl acetate","InChI=1S/C17H28O2/c1-14(2)8-6-9-15(3)10-7-11-16(4)12-13-19-17(5)18/h8,10,12H,6-7,9,11,13H2,1-5H3/b15-10+,16-12+",,AN,https://garden.org/plants/view/695733/Rose-Rosa-Anna/,,,AN,,0,,
delta-cadinene,"InChI=1S/C15H24/c1-10(2)13-8-6-12(4)14-7-5-11(3)9-15(13)14/h9-10,13,15H,5-8H2,1-4H3",chebi:140564,AN,https://garden.org/plants/view/695733/Rose-Rosa-Anna/,,,AN,,2.1,,
alpha-cadinol,"InChI=1S/C15H26O/c1-10(2)12-7-8-15(4,16)14-6-5-11(3)9-13(12)14/h9-10,12-14,16H,5-8H2,1-4H3/t12-,13-,14+,15+/m0/s1",chebi:132905,AN,https://garden.org/plants/view/695733/Rose-Rosa-Anna/,,,AN,,3.2,,
tau-cadinol,"InChI=1S/C15H26O/c1-10(2)12-7-8-15(4,16)14-6-5-11(3)9-13(12)14/h9-10,12-14,16H,5-8H2,1-4H3/t12-,13-,14+,15-/m0/s1",chebi:138042,AN,https://garden.org/plants/view/695733/Rose-Rosa-Anna/,,,AN,,1.2,,
tau-muurolol,"InChI=1S/C15H26O/c1-10(2)12-7-8-15(4,16)14-6-5-11(3)9-13(12)14/h9-10,12-14,16H,5-8H2,1-4H3/t12-,13-,14-,15-/m0/s1",,AN,https://garden.org/plants/view/695733/Rose-Rosa-Anna/,,,AN,,2,,
elemol,"InChI=1S/C15H26O/c1-7-15(6)9-8-12(14(4,5)16)10-13(15)11(2)3/h7,12-13,16H,1-2,8-10H2,3-6H3/t12-,13+,15-/m1/s1",chebi:141221,AN,https://garden.org/plants/view/695733/Rose-Rosa-Anna/,,,AN,,0,,
dihydro-beta-ionone,"InChI=1S/C13H22O/c1-10-6-5-9-13(3,4)12(10)8-7-11(2)14/h5-9H2,1-4H3",chebi:18015,AN,https://garden.org/plants/view/695733/Rose-Rosa-Anna/,,,AN,,5.5,,
dihydro-beta-ionol,"InChI=1S/C13H24O/c1-10-6-5-9-13(3,4)12(10)8-7-11(2)14/h11,14H,5-9H2,1-4H3",,AN,https://garden.org/plants/view/695733/Rose-Rosa-Anna/,,,AN,,14.3,,
hexanal,"InChI=1S/C6H12O/c1-2-3-4-5-6-7/h6H,2-5H2,1H3",chebi:88528,MU,https://garden.org/plants/view/75/Rose-Rosa-Mutabilis/,,,MU,,0.7,,
(E)-2-hexenal,"InChI=1S/C6H10O/c1-2-3-4-5-6-7/h4-6H,2-3H2,1H3/b5-4+",chebi:28913,MU,https://garden.org/plants/view/75/Rose-Rosa-Mutabilis/,,,MU,,3.6,,
(Z)-3-hexen-1-ol,"InChI=1S/C6H12O/c1-2-3-4-5-6-7/h3-4,7H,2,5-6H2,1H3/b4-3-",chebi:28857,MU,https://garden.org/plants/view/75/Rose-Rosa-Mutabilis/,,,MU,,0,,
(E)-2-hexen-1-ol,"InChI=1S/C6H12O/c1-2-3-4-5-6-7/h4-5,7H,2-3,6H2,1H3/b5-4+",chebi:141205,MU,https://garden.org/plants/view/75/Rose-Rosa-Mutabilis/,,,MU,,0,,
hexan-1-ol,"InChI=1S/C6H14O/c1-2-3-4-5-6-7/h7H,2-6H2,1H3",chebi:87393,MU,https://garden.org/plants/view/75/Rose-Rosa-Mutabilis/,,,MU,,0,,
(Z)-3-hexenyl acetate,"InChI=1S/C8H14O2/c1-3-4-5-6-7-10-8(2)9/h4-5H,3,6-7H2,1-2H3/b5-4-",chebi:61316,MU,https://garden.org/plants/view/75/Rose-Rosa-Mutabilis/,,,MU,,2.8,,
hexyl acetate,"InChI=1S/C8H16O2/c1-3-4-5-6-7-10-8(2)9/h3-7H2,1-2H3",chebi:87510,MU,https://garden.org/plants/view/75/Rose-Rosa-Mutabilis/,,,MU,,0.1,,
nonanal,"InChI=1S/C9H18O/c1-2-3-4-5-6-7-8-9-10/h9H,2-8H2,1H3",chebi:84268,MU,https://garden.org/plants/view/75/Rose-Rosa-Mutabilis/,,,MU,,0.3,,
benzylalcohol,"InChI=1S/C7H8O/c8-6-7-4-2-1-3-5-7/h1-5,8H,6H2",chebi:17987,MU,https://garden.org/plants/view/75/Rose-Rosa-Mutabilis/,,,MU,,0.3,,
benzaldehyde,InChI=1S/C7H6O/c8-6-7-4-2-1-3-5-7/h1-6H,chebi:17169,MU,https://garden.org/plants/view/75/Rose-Rosa-Mutabilis/,,,MU,,0,,
2-phenylethanol,"InChI=1S/C8H10O/c9-7-6-8-4-2-1-3-5-8/h1-5,9H,6-7H2",chebi:49000,MU,https://garden.org/plants/view/75/Rose-Rosa-Mutabilis/,,,MU,,0.5,,
phenylacetaldehyde,"InChI=1S/C8H8O/c9-7-6-8-4-2-1-3-5-8/h1-5,7H,6H2",chebi:16424,MU,https://garden.org/plants/view/75/Rose-Rosa-Mutabilis/,,,MU,,0.1,,
"3,5-dimethoxytoluene","InChI=1S/C9H12O2/c1-7-4-8(10-2)6-9(5-7)11-3/h4-6H,1-3H3",chebi:141217,MU,https://garden.org/plants/view/75/Rose-Rosa-Mutabilis/,,,MU,,0.6,,
"1,3,5-trimethoxybenzene","InChI=1S/C9H12O3/c1-10-7-4-8(11-2)6-9(5-7)12-3/h4-6H,1-3H3",chebi:31038,MU,https://garden.org/plants/view/75/Rose-Rosa-Mutabilis/,,,MU,,1.1,,
eugenol,"InChI=1S/C10H12O2/c1-3-4-8-5-6-9(11)10(7-8)12-2/h3,5-7,11H,1,4H2,2H3",chebi:4917,MU,https://garden.org/plants/view/75/Rose-Rosa-Mutabilis/,,,MU,,0,,
methyl eugenol,"InChI=1S/C11H14O2/c1-4-5-9-6-7-10(12-2)11(8-9)13-3/h4-8H,1-3H3",chebi:14469,MU,https://garden.org/plants/view/75/Rose-Rosa-Mutabilis/,,,MU,,0,,
geraniol,"InChI=1S/C10H18O/c1-9(2)5-4-6-10(3)7-8-11/h5,7,11H,4,6,8H2,1-3H3/b10-7+",chebi:17447,MU,https://garden.org/plants/view/75/Rose-Rosa-Mutabilis/,,,MU,,60.2,,
geranial,"InChI=1S/C10H16O/c1-9(2)5-4-6-10(3)7-8-11/h5,7-8H,4,6H2,1-3H3/b10-7+",chebi:16980,MU,https://garden.org/plants/view/75/Rose-Rosa-Mutabilis/,,,MU,,13.4,,
geranic_acid,"InChI=1S/C10H16O2/c1-8(2)5-4-6-9(3)7-10(11)12/h5,7H,4,6H2,1-3H3,(H,11,12)/b9-7+",chebi:67264,MU,https://garden.org/plants/view/75/Rose-Rosa-Mutabilis/,,,MU,,0,,
geranyl acetate,"InChI=1S/C12H20O2/c1-10(2)6-5-7-11(3)8-9-14-12(4)13/h6,8H,5,7,9H2,1-4H3/b11-8+",chebi:5331,MU,https://garden.org/plants/view/75/Rose-Rosa-Mutabilis/,,,MU,,0.8,,
nerol,"InChI=1S/C10H18O/c1-9(2)5-4-6-10(3)7-8-11/h5,7,11H,4,6,8H2,1-3H3/b10-7-",chebi:29452,MU,https://garden.org/plants/view/75/Rose-Rosa-Mutabilis/,,,MU,,2.6,,
neral,"InChI=1S/C10H16O/c1-9(2)5-4-6-10(3)7-8-11/h5,7-8H,4,6H2,1-3H3/b10-7-",chebi:29020,MU,https://garden.org/plants/view/75/Rose-Rosa-Mutabilis/,,,MU,,0.7,,
citronellol,"InChI=1S/C10H20O/c1-9(2)5-4-6-10(3)7-8-11/h5,10-11H,4,6-8H2,1-3H3",chebi:50462,MU,https://garden.org/plants/view/75/Rose-Rosa-Mutabilis/,,,MU,,0,,
beta-myrcene,"InChI=1S/C10H16/c1-5-10(4)8-6-7-9(2)3/h5,7H,1,4,6,8H2,2-3H3",chebi:17221,MU,https://garden.org/plants/view/75/Rose-Rosa-Mutabilis/,,,MU,,0.1,,
Z-Œ≤-ocimene,"InChI=1S/C10H16/c1-5-10(4)8-6-7-9(2)3/h5,7-8H,1,6H2,2-4H3/b10-8-",chebi:87574,MU,https://garden.org/plants/view/75/Rose-Rosa-Mutabilis/,,,MU,,0,,
(E)-beta-ocimene,"InChI=1S/C10H16/c1-5-10(4)8-6-7-9(2)3/h5,7-8H,1,6H2,2-4H3/b10-8+",chebi:64280,MU,https://garden.org/plants/view/75/Rose-Rosa-Mutabilis/,,,MU,,0,,
germacrene D,"InChI=1S/C15H24/c1-12(2)15-10-8-13(3)6-5-7-14(4)9-11-15/h7-8,10,12,15H,3,5-6,9,11H2,1-2,4H3/b10-8+,14-7+",chebi:49045,MU,https://garden.org/plants/view/75/Rose-Rosa-Mutabilis/,,,MU,,6.9,,
Germacrene D 4 ol,"InChI=1S/C15H26O/c1-12(2)14-8-7-13(3)6-5-10-15(4,16)11-9-14/h6,9,11-12,14,16H,5,7-8,10H2,1-4H3/b11-9+,13-6+",chebi:141218,MU,https://garden.org/plants/view/75/Rose-Rosa-Mutabilis/,,,MU,,0.7,,
bicyclogermacrene,"InChI=1S/C15H24/c1-11-6-5-7-12(2)10-14-13(9-8-11)15(14,3)4/h6,10,13-14H,5,7-9H2,1-4H3/b11-6+,12-10+/t13-,14+/m1/s1",chebi:63709,MU,https://garden.org/plants/view/75/Rose-Rosa-Mutabilis/,,,MU,,0.1,,
(E)-beta-farnesene,"InChI=1S/C15H24/c1-6-14(4)10-8-12-15(5)11-7-9-13(2)3/h6,9,12H,1,4,7-8,10-11H2,2-3,5H3/b15-12+",chebi:10418,MU,https://garden.org/plants/view/75/Rose-Rosa-Mutabilis/,,,MU,,0,,
"(E,E)-farnesol","InChI=1S/C15H26O/c1-13(2)7-5-8-14(3)9-6-10-15(4)11-12-16/h7,9,11,16H,5-6,8,10,12H2,1-4H3/b14-9+,15-11+",chebi:16619,MU,https://garden.org/plants/view/75/Rose-Rosa-Mutabilis/,,,MU,,0.8,,
"(E,E)-farnesal","InChI=1S/C15H24O/c1-13(2)7-5-8-14(3)9-6-10-15(4)11-12-16/h7,9,11-12H,5-6,8,10H2,1-4H3/b14-9+,15-11+",chebi:15894,MU,https://garden.org/plants/view/75/Rose-Rosa-Mutabilis/,,,MU,,0,,
"(E,E)-farnesyl acetate","InChI=1S/C17H28O2/c1-14(2)8-6-9-15(3)10-7-11-16(4)12-13-19-17(5)18/h8,10,12H,6-7,9,11,13H2,1-5H3/b15-10+,16-12+",,MU,https://garden.org/plants/view/75/Rose-Rosa-Mutabilis/,,,MU,,0,,
delta-cadinene,"InChI=1S/C15H24/c1-10(2)13-8-6-12(4)14-7-5-11(3)9-15(13)14/h9-10,13,15H,5-8H2,1-4H3",chebi:140564,MU,https://garden.org/plants/view/75/Rose-Rosa-Mutabilis/,,,MU,,0.4,,
alpha-cadinol,"InChI=1S/C15H26O/c1-10(2)12-7-8-15(4,16)14-6-5-11(3)9-13(12)14/h9-10,12-14,16H,5-8H2,1-4H3/t12-,13-,14+,15+/m0/s1",chebi:132905,MU,https://garden.org/plants/view/75/Rose-Rosa-Mutabilis/,,,MU,,0.2,,
tau-cadinol,"InChI=1S/C15H26O/c1-10(2)12-7-8-15(4,16)14-6-5-11(3)9-13(12)14/h9-10,12-14,16H,5-8H2,1-4H3/t12-,13-,14+,15-/m0/s1",chebi:138042,MU,https://garden.org/plants/view/75/Rose-Rosa-Mutabilis/,,,MU,,0,,
tau-muurolol,"InChI=1S/C15H26O/c1-10(2)12-7-8-15(4,16)14-6-5-11(3)9-13(12)14/h9-10,12-14,16H,5-8H2,1-4H3/t12-,13-,14-,15-/m0/s1",,MU,https://garden.org/plants/view/75/Rose-Rosa-Mutabilis/,,,MU,,0.1,,
elemol,"InChI=1S/C15H26O/c1-7-15(6)9-8-12(14(4,5)16)10-13(15)11(2)3/h7,12-13,16H,1-2,8-10H2,3-6H3/t12-,13+,15-/m1/s1",chebi:141221,MU,https://garden.org/plants/view/75/Rose-Rosa-Mutabilis/,,,MU,,0,,
dihydro-beta-ionone,"InChI=1S/C13H22O/c1-10-6-5-9-13(3,4)12(10)8-7-11(2)14/h5-9H2,1-4H3",chebi:18015,MU,https://garden.org/plants/view/75/Rose-Rosa-Mutabilis/,,,MU,,0.1,,
dihydro-beta-ionol,"InChI=1S/C13H24O/c1-10-6-5-9-13(3,4)12(10)8-7-11(2)14/h11,14H,5-9H2,1-4H3",,MU,https://garden.org/plants/view/75/Rose-Rosa-Mutabilis/,,,MU,,2.8,,
hexanal,"InChI=1S/C6H12O/c1-2-3-4-5-6-7/h6H,2-5H2,1H3",chebi:88528,BB,https://garden.org/plants/view/2730/Rose-Rosa-Black-Baccara/,,,BB,,2,,
(E)-2-hexenal,"InChI=1S/C6H10O/c1-2-3-4-5-6-7/h4-6H,2-3H2,1H3/b5-4+",chebi:28913,BB,https://garden.org/plants/view/2730/Rose-Rosa-Black-Baccara/,,,BB,,4.1,,
(Z)-3-hexen-1-ol,"InChI=1S/C6H12O/c1-2-3-4-5-6-7/h3-4,7H,2,5-6H2,1H3/b4-3-",chebi:28857,BB,https://garden.org/plants/view/2730/Rose-Rosa-Black-Baccara/,,,BB,,10.1,,
(E)-2-hexen-1-ol,"InChI=1S/C6H12O/c1-2-3-4-5-6-7/h4-5,7H,2-3,6H2,1H3/b5-4+",chebi:141205,BB,https://garden.org/plants/view/2730/Rose-Rosa-Black-Baccara/,,,BB,,1.8,,
hexan-1-ol,"InChI=1S/C6H14O/c1-2-3-4-5-6-7/h7H,2-6H2,1H3",chebi:87393,BB,https://garden.org/plants/view/2730/Rose-Rosa-Black-Baccara/,,,BB,,4,,
(Z)-3-hexenyl acetate,"InChI=1S/C8H14O2/c1-3-4-5-6-7-10-8(2)9/h4-5H,3,6-7H2,1-2H3/b5-4-",chebi:61316,BB,https://garden.org/plants/view/2730/Rose-Rosa-Black-Baccara/,,,BB,,9.3,,
hexyl acetate,"InChI=1S/C8H16O2/c1-3-4-5-6-7-10-8(2)9/h3-7H2,1-2H3",chebi:87510,BB,https://garden.org/plants/view/2730/Rose-Rosa-Black-Baccara/,,,BB,,0.8,,
nonanal,"InChI=1S/C9H18O/c1-2-3-4-5-6-7-8-9-10/h9H,2-8H2,1H3",chebi:84268,BB,https://garden.org/plants/view/2730/Rose-Rosa-Black-Baccara/,,,BB,,1.6,,
benzylalcohol,"InChI=1S/C7H8O/c8-6-7-4-2-1-3-5-7/h1-5,8H,6H2",chebi:17987,BB,https://garden.org/plants/view/2730/Rose-Rosa-Black-Baccara/,,,BB,,24.1,,
benzaldehyde,InChI=1S/C7H6O/c8-6-7-4-2-1-3-5-7/h1-6H,chebi:17169,BB,https://garden.org/plants/view/2730/Rose-Rosa-Black-Baccara/,,,BB,,0.5,,
2-phenylethanol,"InChI=1S/C8H10O/c9-7-6-8-4-2-1-3-5-8/h1-5,9H,6-7H2",chebi:49000,BB,https://garden.org/plants/view/2730/Rose-Rosa-Black-Baccara/,,,BB,,3.4,,
phenylacetaldehyde,"InChI=1S/C8H8O/c9-7-6-8-4-2-1-3-5-8/h1-5,7H,6H2",chebi:16424,BB,https://garden.org/plants/view/2730/Rose-Rosa-Black-Baccara/,,,BB,,0.1,,
"3,5-dimethoxytoluene","InChI=1S/C9H12O2/c1-7-4-8(10-2)6-9(5-7)11-3/h4-6H,1-3H3",chebi:141217,BB,https://garden.org/plants/view/2730/Rose-Rosa-Black-Baccara/,,,BB,,7.1,,
"1,3,5-trimethoxybenzene","InChI=1S/C9H12O3/c1-10-7-4-8(11-2)6-9(5-7)12-3/h4-6H,1-3H3",chebi:31038,BB,https://garden.org/plants/view/2730/Rose-Rosa-Black-Baccara/,,,BB,,4.3,,
eugenol,"InChI=1S/C10H12O2/c1-3-4-8-5-6-9(11)10(7-8)12-2/h3,5-7,11H,1,4H2,2H3",chebi:4917,BB,https://garden.org/plants/view/2730/Rose-Rosa-Black-Baccara/,,,BB,,0.1,,
methyl eugenol,"InChI=1S/C11H14O2/c1-4-5-9-6-7-10(12-2)11(8-9)13-3/h4-8H,1-3H3",chebi:14469,BB,https://garden.org/plants/view/2730/Rose-Rosa-Black-Baccara/,,,BB,,0,,
geraniol,"InChI=1S/C10H18O/c1-9(2)5-4-6-10(3)7-8-11/h5,7,11H,4,6,8H2,1-3H3/b10-7+",chebi:17447,BB,https://garden.org/plants/view/2730/Rose-Rosa-Black-Baccara/,,,BB,,3,,
geranial,"InChI=1S/C10H16O/c1-9(2)5-4-6-10(3)7-8-11/h5,7-8H,4,6H2,1-3H3/b10-7+",chebi:16980,BB,https://garden.org/plants/view/2730/Rose-Rosa-Black-Baccara/,,,BB,,0.4,,
geranic_acid,"InChI=1S/C10H16O2/c1-8(2)5-4-6-9(3)7-10(11)12/h5,7H,4,6H2,1-3H3,(H,11,12)/b9-7+",chebi:67264,BB,https://garden.org/plants/view/2730/Rose-Rosa-Black-Baccara/,,,BB,,0,,
geranyl acetate,"InChI=1S/C12H20O2/c1-10(2)6-5-7-11(3)8-9-14-12(4)13/h6,8H,5,7,9H2,1-4H3/b11-8+",chebi:5331,BB,https://garden.org/plants/view/2730/Rose-Rosa-Black-Baccara/,,,BB,,0,,
nerol,"InChI=1S/C10H18O/c1-9(2)5-4-6-10(3)7-8-11/h5,7,11H,4,6,8H2,1-3H3/b10-7-",chebi:29452,BB,https://garden.org/plants/view/2730/Rose-Rosa-Black-Baccara/,,,BB,,0.2,,
neral,"InChI=1S/C10H16O/c1-9(2)5-4-6-10(3)7-8-11/h5,7-8H,4,6H2,1-3H3/b10-7-",chebi:29020,BB,https://garden.org/plants/view/2730/Rose-Rosa-Black-Baccara/,,,BB,,0,,
citronellol,"InChI=1S/C10H20O/c1-9(2)5-4-6-10(3)7-8-11/h5,10-11H,4,6-8H2,1-3H3",chebi:50462,BB,https://garden.org/plants/view/2730/Rose-Rosa-Black-Baccara/,,,BB,,0.6,,
beta-myrcene,"InChI=1S/C10H16/c1-5-10(4)8-6-7-9(2)3/h5,7H,1,4,6,8H2,2-3H3",chebi:17221,BB,https://garden.org/plants/view/2730/Rose-Rosa-Black-Baccara/,,,BB,,0,,
Z-Œ≤-ocimene,"InChI=1S/C10H16/c1-5-10(4)8-6-7-9(2)3/h5,7-8H,1,6H2,2-4H3/b10-8-",chebi:87574,BB,https://garden.org/plants/view/2730/Rose-Rosa-Black-Baccara/,,,BB,,0,,
(E)-beta-ocimene,"InChI=1S/C10H16/c1-5-10(4)8-6-7-9(2)3/h5,7-8H,1,6H2,2-4H3/b10-8+",chebi:64280,BB,https://garden.org/plants/view/2730/Rose-Rosa-Black-Baccara/,,,BB,,0,,
germacrene D,"InChI=1S/C15H24/c1-12(2)15-10-8-13(3)6-5-7-14(4)9-11-15/h7-8,10,12,15H,3,5-6,9,11H2,1-2,4H3/b10-8+,14-7+",chebi:49045,BB,https://garden.org/plants/view/2730/Rose-Rosa-Black-Baccara/,,,BB,,12.3,,
Germacrene D 4 ol,"InChI=1S/C15H26O/c1-12(2)14-8-7-13(3)6-5-10-15(4,16)11-9-14/h6,9,11-12,14,16H,5,7-8,10H2,1-4H3/b11-9+,13-6+",chebi:141218,BB,https://garden.org/plants/view/2730/Rose-Rosa-Black-Baccara/,,,BB,,0,,
bicyclogermacrene,"InChI=1S/C15H24/c1-11-6-5-7-12(2)10-14-13(9-8-11)15(14,3)4/h6,10,13-14H,5,7-9H2,1-4H3/b11-6+,12-10+/t13-,14+/m1/s1",chebi:63709,BB,https://garden.org/plants/view/2730/Rose-Rosa-Black-Baccara/,,,BB,,0.3,,
(E)-beta-farnesene,"InChI=1S/C15H24/c1-6-14(4)10-8-12-15(5)11-7-9-13(2)3/h6,9,12H,1,4,7-8,10-11H2,2-3,5H3/b15-12+",chebi:10418,BB,https://garden.org/plants/view/2730/Rose-Rosa-Black-Baccara/,,,BB,,0.2,,
"(E,E)-farnesol","InChI=1S/C15H26O/c1-13(2)7-5-8-14(3)9-6-10-15(4)11-12-16/h7,9,11,16H,5-6,8,10,12H2,1-4H3/b14-9+,15-11+",chebi:16619,BB,https://garden.org/plants/view/2730/Rose-Rosa-Black-Baccara/,,,BB,,0.3,,
"(E,E)-farnesal","InChI=1S/C15H24O/c1-13(2)7-5-8-14(3)9-6-10-15(4)11-12-16/h7,9,11-12H,5-6,8,10H2,1-4H3/b14-9+,15-11+",chebi:15894,BB,https://garden.org/plants/view/2730/Rose-Rosa-Black-Baccara/,,,BB,,0,,
"(E,E)-farnesyl acetate","InChI=1S/C17H28O2/c1-14(2)8-6-9-15(3)10-7-11-16(4)12-13-19-17(5)18/h8,10,12H,6-7,9,11,13H2,1-5H3/b15-10+,16-12+",,BB,https://garden.org/plants/view/2730/Rose-Rosa-Black-Baccara/,,,BB,,0,,
delta-cadinene,"InChI=1S/C15H24/c1-10(2)13-8-6-12(4)14-7-5-11(3)9-15(13)14/h9-10,13,15H,5-8H2,1-4H3",chebi:140564,BB,https://garden.org/plants/view/2730/Rose-Rosa-Black-Baccara/,,,BB,,1.4,,
alpha-cadinol,"InChI=1S/C15H26O/c1-10(2)12-7-8-15(4,16)14-6-5-11(3)9-13(12)14/h9-10,12-14,16H,5-8H2,1-4H3/t12-,13-,14+,15+/m0/s1",chebi:132905,BB,https://garden.org/plants/view/2730/Rose-Rosa-Black-Baccara/,,,BB,,1,,
tau-cadinol,"InChI=1S/C15H26O/c1-10(2)12-7-8-15(4,16)14-6-5-11(3)9-13(12)14/h9-10,12-14,16H,5-8H2,1-4H3/t12-,13-,14+,15-/m0/s1",chebi:138042,BB,https://garden.org/plants/view/2730/Rose-Rosa-Black-Baccara/,,,BB,,0.5,,
tau-muurolol,"InChI=1S/C15H26O/c1-10(2)12-7-8-15(4,16)14-6-5-11(3)9-13(12)14/h9-10,12-14,16H,5-8H2,1-4H3/t12-,13-,14-,15-/m0/s1",,BB,https://garden.org/plants/view/2730/Rose-Rosa-Black-Baccara/,,,BB,,0.3,,
elemol,"InChI=1S/C15H26O/c1-7-15(6)9-8-12(14(4,5)16)10-13(15)11(2)3/h7,12-13,16H,1-2,8-10H2,3-6H3/t12-,13+,15-/m1/s1",chebi:141221,BB,https://garden.org/plants/view/2730/Rose-Rosa-Black-Baccara/,,,BB,,0,,
dihydro-beta-ionone,"InChI=1S/C13H22O/c1-10-6-5-9-13(3,4)12(10)8-7-11(2)14/h5-9H2,1-4H3",chebi:18015,BB,https://garden.org/plants/view/2730/Rose-Rosa-Black-Baccara/,,,BB,,0.1,,
dihydro-beta-ionol,"InChI=1S/C13H24O/c1-10-6-5-9-13(3,4)12(10)8-7-11(2)14/h11,14H,5-9H2,1-4H3",,BB,https://garden.org/plants/view/2730/Rose-Rosa-Black-Baccara/,,,BB,,6.1,,
hexanal,"InChI=1S/C6H12O/c1-2-3-4-5-6-7/h6H,2-5H2,1H3",chebi:88528,BA,https://garden.org/plants/view/2128/Rose-Rosa-Baccara/,,,BA,,9.7,,
(E)-2-hexenal,"InChI=1S/C6H10O/c1-2-3-4-5-6-7/h4-6H,2-3H2,1H3/b5-4+",chebi:28913,BA,https://garden.org/plants/view/2128/Rose-Rosa-Baccara/,,,BA,,8,,
(Z)-3-hexen-1-ol,"InChI=1S/C6H12O/c1-2-3-4-5-6-7/h3-4,7H,2,5-6H2,1H3/b4-3-",chebi:28857,BA,https://garden.org/plants/view/2128/Rose-Rosa-Baccara/,,,BA,,8.1,,
(E)-2-hexen-1-ol,"InChI=1S/C6H12O/c1-2-3-4-5-6-7/h4-5,7H,2-3,6H2,1H3/b5-4+",chebi:141205,BA,https://garden.org/plants/view/2128/Rose-Rosa-Baccara/,,,BA,,0.8,,
hexan-1-ol,"InChI=1S/C6H14O/c1-2-3-4-5-6-7/h7H,2-6H2,1H3",chebi:87393,BA,https://garden.org/plants/view/2128/Rose-Rosa-Baccara/,,,BA,,2.5,,
(Z)-3-hexenyl acetate,"InChI=1S/C8H14O2/c1-3-4-5-6-7-10-8(2)9/h4-5H,3,6-7H2,1-2H3/b5-4-",chebi:61316,BA,https://garden.org/plants/view/2128/Rose-Rosa-Baccara/,,,BA,,2.6,,
hexyl acetate,"InChI=1S/C8H16O2/c1-3-4-5-6-7-10-8(2)9/h3-7H2,1-2H3",chebi:87510,BA,https://garden.org/plants/view/2128/Rose-Rosa-Baccara/,,,BA,,0,,
nonanal,"InChI=1S/C9H18O/c1-2-3-4-5-6-7-8-9-10/h9H,2-8H2,1H3",chebi:84268,BA,https://garden.org/plants/view/2128/Rose-Rosa-Baccara/,,,BA,,2.5,,
benzylalcohol,"InChI=1S/C7H8O/c8-6-7-4-2-1-3-5-7/h1-5,8H,6H2",chebi:17987,BA,https://garden.org/plants/view/2128/Rose-Rosa-Baccara/,,,BA,,34.5,,
benzaldehyde,InChI=1S/C7H6O/c8-6-7-4-2-1-3-5-7/h1-6H,chebi:17169,BA,https://garden.org/plants/view/2128/Rose-Rosa-Baccara/,,,BA,,12.3,,
2-phenylethanol,"InChI=1S/C8H10O/c9-7-6-8-4-2-1-3-5-8/h1-5,9H,6-7H2",chebi:49000,BA,https://garden.org/plants/view/2128/Rose-Rosa-Baccara/,,,BA,,3.9,,
phenylacetaldehyde,"InChI=1S/C8H8O/c9-7-6-8-4-2-1-3-5-8/h1-5,7H,6H2",chebi:16424,BA,https://garden.org/plants/view/2128/Rose-Rosa-Baccara/,,,BA,,0.5,,
"3,5-dimethoxytoluene","InChI=1S/C9H12O2/c1-7-4-8(10-2)6-9(5-7)11-3/h4-6H,1-3H3",chebi:141217,BA,https://garden.org/plants/view/2128/Rose-Rosa-Baccara/,,,BA,,11.7,,
"1,3,5-trimethoxybenzene","InChI=1S/C9H12O3/c1-10-7-4-8(11-2)6-9(5-7)12-3/h4-6H,1-3H3",chebi:31038,BA,https://garden.org/plants/view/2128/Rose-Rosa-Baccara/,,,BA,,0,,
eugenol,"InChI=1S/C10H12O2/c1-3-4-8-5-6-9(11)10(7-8)12-2/h3,5-7,11H,1,4H2,2H3",chebi:4917,BA,https://garden.org/plants/view/2128/Rose-Rosa-Baccara/,,,BA,,0,,
methyl eugenol,"InChI=1S/C11H14O2/c1-4-5-9-6-7-10(12-2)11(8-9)13-3/h4-8H,1-3H3",chebi:14469,BA,https://garden.org/plants/view/2128/Rose-Rosa-Baccara/,,,BA,,0,,
geraniol,"InChI=1S/C10H18O/c1-9(2)5-4-6-10(3)7-8-11/h5,7,11H,4,6,8H2,1-3H3/b10-7+",chebi:17447,BA,https://garden.org/plants/view/2128/Rose-Rosa-Baccara/,,,BA,,2.1,,
geranial,"InChI=1S/C10H16O/c1-9(2)5-4-6-10(3)7-8-11/h5,7-8H,4,6H2,1-3H3/b10-7+",chebi:16980,BA,https://garden.org/plants/view/2128/Rose-Rosa-Baccara/,,,BA,,0.7,,
geranic_acid,"InChI=1S/C10H16O2/c1-8(2)5-4-6-9(3)7-10(11)12/h5,7H,4,6H2,1-3H3,(H,11,12)/b9-7+",chebi:67264,BA,https://garden.org/plants/view/2128/Rose-Rosa-Baccara/,,,BA,,0,,
geranyl acetate,"InChI=1S/C12H20O2/c1-10(2)6-5-7-11(3)8-9-14-12(4)13/h6,8H,5,7,9H2,1-4H3/b11-8+",chebi:5331,BA,https://garden.org/plants/view/2128/Rose-Rosa-Baccara/,,,BA,,0,,
nerol,"InChI=1S/C10H18O/c1-9(2)5-4-6-10(3)7-8-11/h5,7,11H,4,6,8H2,1-3H3/b10-7-",chebi:29452,BA,https://garden.org/plants/view/2128/Rose-Rosa-Baccara/,,,BA,,0,,
neral,"InChI=1S/C10H16O/c1-9(2)5-4-6-10(3)7-8-11/h5,7-8H,4,6H2,1-3H3/b10-7-",chebi:29020,BA,https://garden.org/plants/view/2128/Rose-Rosa-Baccara/,,,BA,,0,,
citronellol,"InChI=1S/C10H20O/c1-9(2)5-4-6-10(3)7-8-11/h5,10-11H,4,6-8H2,1-3H3",chebi:50462,BA,https://garden.org/plants/view/2128/Rose-Rosa-Baccara/,,,BA,,0,,
beta-myrcene,"InChI=1S/C10H16/c1-5-10(4)8-6-7-9(2)3/h5,7H,1,4,6,8H2,2-3H3",chebi:17221,BA,https://garden.org/plants/view/2128/Rose-Rosa-Baccara/,,,BA,,0,,
Z-Œ≤-ocimene,"InChI=1S/C10H16/c1-5-10(4)8-6-7-9(2)3/h5,7-8H,1,6H2,2-4H3/b10-8-",chebi:87574,BA,https://garden.org/plants/view/2128/Rose-Rosa-Baccara/,,,BA,,0,,
(E)-beta-ocimene,"InChI=1S/C10H16/c1-5-10(4)8-6-7-9(2)3/h5,7-8H,1,6H2,2-4H3/b10-8+",chebi:64280,BA,https://garden.org/plants/view/2128/Rose-Rosa-Baccara/,,,BA,,0,,
germacrene D,"InChI=1S/C15H24/c1-12(2)15-10-8-13(3)6-5-7-14(4)9-11-15/h7-8,10,12,15H,3,5-6,9,11H2,1-2,4H3/b10-8+,14-7+",chebi:49045,BA,https://garden.org/plants/view/2128/Rose-Rosa-Baccara/,,,BA,,0,,
Germacrene D 4 ol,"InChI=1S/C15H26O/c1-12(2)14-8-7-13(3)6-5-10-15(4,16)11-9-14/h6,9,11-12,14,16H,5,7-8,10H2,1-4H3/b11-9+,13-6+",chebi:141218,BA,https://garden.org/plants/view/2128/Rose-Rosa-Baccara/,,,BA,,0,,
bicyclogermacrene,"InChI=1S/C15H24/c1-11-6-5-7-12(2)10-14-13(9-8-11)15(14,3)4/h6,10,13-14H,5,7-9H2,1-4H3/b11-6+,12-10+/t13-,14+/m1/s1",chebi:63709,BA,https://garden.org/plants/view/2128/Rose-Rosa-Baccara/,,,BA,,0,,
(E)-beta-farnesene,"InChI=1S/C15H24/c1-6-14(4)10-8-12-15(5)11-7-9-13(2)3/h6,9,12H,1,4,7-8,10-11H2,2-3,5H3/b15-12+",chebi:10418,BA,https://garden.org/plants/view/2128/Rose-Rosa-Baccara/,,,BA,,0,,
"(E,E)-farnesol","InChI=1S/C15H26O/c1-13(2)7-5-8-14(3)9-6-10-15(4)11-12-16/h7,9,11,16H,5-6,8,10,12H2,1-4H3/b14-9+,15-11+",chebi:16619,BA,https://garden.org/plants/view/2128/Rose-Rosa-Baccara/,,,BA,,0,,
"(E,E)-farnesal","InChI=1S/C15H24O/c1-13(2)7-5-8-14(3)9-6-10-15(4)11-12-16/h7,9,11-12H,5-6,8,10H2,1-4H3/b14-9+,15-11+",chebi:15894,BA,https://garden.org/plants/view/2128/Rose-Rosa-Baccara/,,,BA,,0,,
"(E,E)-farnesyl acetate","InChI=1S/C17H28O2/c1-14(2)8-6-9-15(3)10-7-11-16(4)12-13-19-17(5)18/h8,10,12H,6-7,9,11,13H2,1-5H3/b15-10+,16-12+",,BA,https://garden.org/plants/view/2128/Rose-Rosa-Baccara/,,,BA,,0,,
delta-cadinene,"InChI=1S/C15H24/c1-10(2)13-8-6-12(4)14-7-5-11(3)9-15(13)14/h9-10,13,15H,5-8H2,1-4H3",chebi:140564,BA,https://garden.org/plants/view/2128/Rose-Rosa-Baccara/,,,BA,,0,,
alpha-cadinol,"InChI=1S/C15H26O/c1-10(2)12-7-8-15(4,16)14-6-5-11(3)9-13(12)14/h9-10,12-14,16H,5-8H2,1-4H3/t12-,13-,14+,15+/m0/s1",chebi:132905,BA,https://garden.org/plants/view/2128/Rose-Rosa-Baccara/,,,BA,,0,,
tau-cadinol,"InChI=1S/C15H26O/c1-10(2)12-7-8-15(4,16)14-6-5-11(3)9-13(12)14/h9-10,12-14,16H,5-8H2,1-4H3/t12-,13-,14+,15-/m0/s1",chebi:138042,BA,https://garden.org/plants/view/2128/Rose-Rosa-Baccara/,,,BA,,0,,
tau-muurolol,"InChI=1S/C15H26O/c1-10(2)12-7-8-15(4,16)14-6-5-11(3)9-13(12)14/h9-10,12-14,16H,5-8H2,1-4H3/t12-,13-,14-,15-/m0/s1",,BA,https://garden.org/plants/view/2128/Rose-Rosa-Baccara/,,,BA,,0,,
elemol,"InChI=1S/C15H26O/c1-7-15(6)9-8-12(14(4,5)16)10-13(15)11(2)3/h7,12-13,16H,1-2,8-10H2,3-6H3/t12-,13+,15-/m1/s1",chebi:141221,BA,https://garden.org/plants/view/2128/Rose-Rosa-Baccara/,,,BA,,0,,
dihydro-beta-ionone,"InChI=1S/C13H22O/c1-10-6-5-9-13(3,4)12(10)8-7-11(2)14/h5-9H2,1-4H3",chebi:18015,BA,https://garden.org/plants/view/2128/Rose-Rosa-Baccara/,,,BA,,0,,
dihydro-beta-ionol,"InChI=1S/C13H24O/c1-10-6-5-9-13(3,4)12(10)8-7-11(2)14/h11,14H,5-9H2,1-4H3",,BA,https://garden.org/plants/view/2128/Rose-Rosa-Baccara/,,,BA,,0,,